model,target,size,seed,rmse,r2,mae,train_s,infer_s
knn,TOperacao,100,42,34.17748474559567,0.1186504052251643,14.754675071239472,0.0,0.06993
svm,TOperacao,100,42,40.32090391566859,-0.2266722255810938,20.468553461506144,0.003,0.00012
knn,TOperacao,100,137,34.30171452125861,0.1122316267538316,16.009887636899947,0.0,0.00472
svm,TOperacao,100,137,40.70452272240078,-0.2501247301629012,19.829356961094753,0.002,9e-05
knn,TOperacao,100,256,35.142975275694795,0.068152022744952,15.547391768693924,0.0,0.00137
svm,TOperacao,100,256,40.382622189329346,-0.2304303771632312,19.795323793351784,0.002,0.00012
knn,TOperacao,100,512,34.95465581935528,0.0781121880462303,15.343283332586289,0.0,0.00134
svm,TOperacao,100,512,40.53168826811125,-0.2395310222496598,20.16847741316526,0.002,9e-05
knn,TOperacao,100,1024,35.00471848991482,0.0754696092703627,15.671233530044557,0.0,0.00208
svm,TOperacao,100,1024,41.13977488809823,-0.2770027567719717,20.434721613280896,0.003,0.00014
knn,TOperacao,100,2048,34.86164015724799,0.0830120167646361,15.749725044965745,0.0,0.00194
svm,TOperacao,100,2048,40.43944052529544,-0.2338952432437946,20.243354142564964,0.002,0.00013
knn,TOperacao,100,3141,34.81891505244606,0.0852582908770129,15.131933298110962,0.0,0.00202
svm,TOperacao,100,3141,39.537777120585034,-0.1794852405114599,19.41895938379021,0.002,0.00011
knn,TOperacao,100,4096,36.19949190650061,0.0112808119178927,15.66539999485016,0.0,0.00156
svm,TOperacao,100,4096,40.00985917777832,-0.2078195599948018,19.491030001933588,0.002,0.00013
knn,TOperacao,100,5000,35.785243329830955,0.0337801348629652,16.46410859107971,0.0,0.0019
svm,TOperacao,100,5000,39.86699252625013,-0.1992092295707803,19.822844029976235,0.002,0.00011
knn,TOperacao,100,6273,36.55911696605084,-0.0084616971687161,16.04700418829918,0.0,0.00154
svm,TOperacao,100,6273,40.34723274307245,-0.2282747385607231,19.99181289918192,0.002,0.00012
knn,TOperacao,100,7777,33.920444807898846,0.1318573550536566,16.072291699647902,0.0,0.00153
svm,TOperacao,100,7777,40.20875102191058,-0.2198577202634839,20.355212214088706,0.002,0.0001
knn,TOperacao,100,8192,34.17302358604619,0.118880473913975,17.96392528295517,0.0,0.00174
svm,TOperacao,100,8192,40.27536396140061,-0.2239028903248059,19.75499009247955,0.002,0.00013
knn,TOperacao,100,9001,36.41559144286061,-0.0005591059076666,21.637133479118347,0.0,0.00159
svm,TOperacao,100,9001,40.124567794503434,-0.2147551464731807,19.939792997737285,0.003,0.00014
knn,TOperacao,100,10240,36.34381833603538,0.0033811000756842,16.899633322954177,0.0,0.00203
svm,TOperacao,100,10240,40.109398616295856,-0.213836838555834,19.743864110816983,0.002,0.00011
knn,TOperacao,100,11111,35.53264435846601,0.0473725948191197,16.01916675567627,0.0,0.00152
svm,TOperacao,100,11111,40.372358680516136,-0.2298050127107433,19.709527532587664,0.002,0.00011
knn,TOperacao,100,12345,35.198064393009446,0.0652282567563665,15.473075025081634,0.0,0.00158
svm,TOperacao,100,12345,40.36767184464534,-0.2295194926237256,20.2272940307368,0.002,0.00012
knn,TOperacao,100,13579,34.23041665410461,0.1159183351557089,15.88979169368744,0.0,0.00199
svm,TOperacao,100,13579,39.87054146415472,-0.1994227449754024,19.377456546907943,0.003,0.00014
knn,TOperacao,100,14641,36.574906535207546,-0.0093329771980268,18.282841665744783,0.0,0.00151
svm,TOperacao,100,14641,40.05812733552215,-0.2107355608271635,19.889841220948984,0.002,0.00012
knn,TOperacao,100,15360,34.767103927892826,0.0879785672081604,15.994108480215072,0.0,0.00146
svm,TOperacao,100,15360,39.84071703254764,-0.1976290034821533,19.039475918739523,0.002,0.0001
knn,TOperacao,100,16384,35.41366365063517,0.0537416404618406,16.073049901723863,0.0,0.00172
svm,TOperacao,100,16384,39.75124740950585,-0.1922560529231001,19.27255860748048,0.003,0.00013
knn,TOperacao,500,42,32.897371863774154,0.1834356395222965,15.398741711378095,0.0,0.00356
svm,TOperacao,500,42,36.73755779755534,-0.0183300921498674,15.70690624907838,0.011,0.00016
knn,TOperacao,500,137,31.715580619262717,0.2410496845301049,13.522133412957192,0.0,0.00251
svm,TOperacao,500,137,35.87193209456669,0.0290931827896772,16.192528049743135,0.011,0.00013
knn,TOperacao,500,256,33.56572920163898,0.149919241877263,14.654483260512352,0.0,0.00275
svm,TOperacao,500,256,36.94776271211771,-0.0300167910630664,15.79229464958988,0.011,0.00013
knn,TOperacao,500,512,33.38493279514599,0.1590522255802728,14.1424669778347,0.0,0.00261
svm,TOperacao,500,512,36.89413951151291,-0.0270291830131681,16.301069618028656,0.01,0.00012
knn,TOperacao,500,1024,32.54410176017707,0.2008789121613883,14.776091742515565,0.0,0.00322
svm,TOperacao,500,1024,36.37981185491095,0.0014060965749584,15.43480125968436,0.011,0.00013
knn,TOperacao,500,2048,32.370476904951715,0.2093828906339103,14.34995005786419,0.0,0.00315
svm,TOperacao,500,2048,36.407584976716606,-0.000119181049579,15.88997182461927,0.011,0.00014
knn,TOperacao,500,3141,34.53938253916031,0.0998867562143507,14.575087661147116,0.0,0.00307
svm,TOperacao,500,3141,36.65505753018249,-0.0137615700208089,16.238166681662495,0.011,0.00015
knn,TOperacao,500,4096,33.117723310407136,0.1724600672794782,14.990291719436646,0.0,0.00276
svm,TOperacao,500,4096,38.97156098990914,-0.1459445834266288,16.411250394538705,0.011,0.00016
knn,TOperacao,500,5000,34.198271757627076,0.1175779918430759,14.315187604427338,0.0,0.00263
svm,TOperacao,500,5000,36.97203354044695,-0.0313704628344204,16.199181137073637,0.011,0.00016
knn,TOperacao,500,6273,32.29976039529341,0.2128334800396754,14.15248338162899,0.0,0.00304
svm,TOperacao,500,6273,37.1287121120979,-0.0401303839388575,15.993296601081992,0.011,0.00012
knn,TOperacao,500,7777,32.96276038577916,0.1801863221510868,14.091200079321862,0.0,0.00302
svm,TOperacao,500,7777,36.74463700176605,-0.0187225875513208,16.292824745757834,0.01,0.00013
knn,TOperacao,500,8192,31.75889916660114,0.238975052648703,13.69673344016075,0.0,0.00349
svm,TOperacao,500,8192,36.30890340954264,0.0052950520390633,15.381518428546189,0.011,0.00019
knn,TOperacao,500,9001,33.38811238152557,0.1588920339491794,14.151616734862328,0.0,0.00244
svm,TOperacao,500,9001,36.7085449833625,-0.0167223121362367,16.326380047685593,0.011,0.00014
knn,TOperacao,500,10240,34.09157490117748,0.1230756252222543,15.63209172964096,0.0,0.00291
svm,TOperacao,500,10240,36.70360242180631,-0.0164485407672092,16.242909360437558,0.011,0.00014
knn,TOperacao,500,11111,32.60099051770596,0.1980826610790002,14.413350247740745,0.0,0.00277
svm,TOperacao,500,11111,37.19356048770566,-0.0437669049037503,15.531219875419984,0.011,0.00013
knn,TOperacao,500,12345,31.275472154789163,0.2619670315290948,14.001462420225144,0.0,0.00289
svm,TOperacao,500,12345,36.91928517598095,-0.0284296293911849,16.40631518006043,0.011,0.00012
knn,TOperacao,500,13579,32.800765745778115,0.1882244285258213,13.764366747140883,0.0,0.00288
svm,TOperacao,500,13579,37.404421176273935,-0.0556352648864804,16.15728771584398,0.011,0.00015
knn,TOperacao,500,14641,32.47663099387081,0.2041889694861816,14.701624985337258,0.0,0.00267
svm,TOperacao,500,14641,37.22461408482955,-0.0455105534021349,16.04157104777197,0.01,0.00012
knn,TOperacao,500,15360,32.71565990998142,0.1924314773275699,14.150674961209296,0.0,0.00328
svm,TOperacao,500,15360,36.25746997158698,0.008111157966632,15.69448226172996,0.011,0.00015
knn,TOperacao,500,16384,31.66599098442077,0.2434211779662557,15.83575848221779,0.0,0.00258
svm,TOperacao,500,16384,36.34521498909946,0.003304500662127,15.685790157732812,0.011,0.00021
knn,TOperacao,1500,42,31.542511011564155,0.2493101573802629,13.626349954605102,0.0,0.00499
svm,TOperacao,1500,42,34.00576351242325,0.1274846555006348,13.43850683893953,0.032,0.00016
knn,TOperacao,1500,137,32.211536802602474,0.2171277419324924,13.943166707754136,0.0,0.00507
svm,TOperacao,1500,137,33.906592549328046,0.1325662656211755,13.491749809290786,0.032,0.00017
knn,TOperacao,1500,256,32.44648251155036,0.2056658073093332,13.111883469820022,0.0,0.00424
svm,TOperacao,1500,256,33.235024694502314,0.1665874721119282,12.824295218216376,0.031,0.00015
knn,TOperacao,1500,512,31.54178483023092,0.2493447222045666,12.458616849184036,0.0,0.00373
svm,TOperacao,1500,512,33.3111581212483,0.1627648044785372,12.63762388109244,0.032,0.00016
knn,TOperacao,1500,1024,30.85296185687598,0.2817729833610947,13.514687561392783,0.0,0.00428
svm,TOperacao,1500,1024,32.84015754996835,0.1862734676218295,12.554066910234372,0.032,0.00016
knn,TOperacao,1500,2048,30.190286086441,0.312294544098446,12.587008426189422,0.0,0.00542
svm,TOperacao,1500,2048,32.93526090393286,0.1815536255644599,12.708460255750108,0.032,0.00017
knn,TOperacao,1500,3141,30.780757450162653,0.2851307467762699,13.11544156074524,0.0,0.00465
svm,TOperacao,1500,3141,33.149661452440796,0.1708631681197902,13.008703082047878,0.032,0.00015
knn,TOperacao,1500,4096,30.883126962237995,0.2803678680326693,13.59742506325245,0.0,0.00447
svm,TOperacao,1500,4096,32.111300377008355,0.221992472327641,12.54369404274142,0.032,0.00016
knn,TOperacao,1500,5000,32.87743984566974,0.1844248276593413,13.360608351826668,0.0,0.00439
svm,TOperacao,1500,5000,33.45690343881185,0.1554225168859553,13.00856409659698,0.032,0.00018
knn,TOperacao,1500,6273,32.44045040364327,0.2059611283303055,13.188795871138574,0.0,0.00432
svm,TOperacao,1500,6273,33.685762924515764,0.1438284576622079,12.670619509136534,0.031,0.00014
knn,TOperacao,1500,7777,32.377632424401,0.2090333189305161,14.385320949554444,0.0,0.00433
svm,TOperacao,1500,7777,33.36174268537365,0.1602201115914622,13.146895453365818,0.032,0.00017
knn,TOperacao,1500,8192,30.93228673529886,0.2780750232141334,12.949724951386452,0.0,0.00383
svm,TOperacao,1500,8192,33.2579409659441,0.1654377637921907,12.97783085013392,0.032,0.00016
knn,TOperacao,1500,9001,30.162734530823215,0.3135491668215149,12.900154023766518,0.0,0.00434
svm,TOperacao,1500,9001,33.61595045475172,0.1473735466074286,12.920438939147392,0.032,0.00016
knn,TOperacao,1500,10240,30.62368991172577,0.2924077786558468,13.391208264827728,0.0,0.00472
svm,TOperacao,1500,10240,32.61875205504503,0.1972086284489662,12.88563853766581,0.032,0.00016
knn,TOperacao,1500,11111,30.42606436033823,0.3015109984295813,13.23703773200512,0.0,0.00412
svm,TOperacao,1500,11111,33.16138738311302,0.1702764881888174,12.997231686280966,0.032,0.00015
knn,TOperacao,1500,12345,31.30690088868055,0.2604829870223693,13.346008296012878,0.0,0.0038
svm,TOperacao,1500,12345,33.41512450659081,0.1575305131787239,13.35036528480514,0.032,0.00015
knn,TOperacao,1500,13579,31.51370201672155,0.2506807992789053,12.913637436032296,0.0,0.00422
svm,TOperacao,1500,13579,33.07584828900605,0.1745514757844414,12.435158503688417,0.032,0.00017
knn,TOperacao,1500,14641,31.91723021767113,0.2313680991008961,13.737858317494393,0.0,0.00421
svm,TOperacao,1500,14641,32.39754319428152,0.2080602028145953,12.993028422740272,0.032,0.00016
knn,TOperacao,1500,15360,30.07638377737211,0.317473923624474,13.081858449578284,0.0,0.00405
svm,TOperacao,1500,15360,33.4248180165501,0.1570416524604859,12.95463205695755,0.032,0.00016
knn,TOperacao,1500,16384,29.93786345834078,0.3237463541412063,13.53307913839817,0.0,0.00444
svm,TOperacao,1500,16384,32.703090046146166,0.1930519188106203,12.589374130275722,0.032,0.00017
knn,TOperacao,3000,42,31.605891889137354,0.2462902847067517,13.174858351349831,0.001,0.0083
svm,TOperacao,3000,42,29.32698124656137,0.3510627025144701,11.226228214720376,0.064,0.00017
knn,TOperacao,3000,137,29.885825096115383,0.3260952557185766,12.811558057069778,0.001,0.00716
svm,TOperacao,3000,137,31.04856916169656,0.2726370174023176,11.562322307652195,0.064,0.00015
knn,TOperacao,3000,256,30.310582205336186,0.3068031674015095,13.280925164222715,0.001,0.0064
svm,TOperacao,3000,256,30.662359360497938,0.2906196547055012,11.55477191854764,0.064,0.00017
knn,TOperacao,3000,512,28.561167464746823,0.3845115263731071,12.46175833761692,0.001,0.00694
svm,TOperacao,3000,512,31.082277920066467,0.2710567956211839,11.635743447267364,0.065,0.00017
knn,TOperacao,3000,1024,30.28621536902268,0.3079172485663798,13.067987505197523,0.001,0.00659
svm,TOperacao,3000,1024,30.080988615385657,0.3172649116206918,11.203141935141344,0.065,0.00017
knn,TOperacao,3000,2048,29.565704576611925,0.340454929018598,12.628679147958756,0.001,0.00747
svm,TOperacao,3000,2048,30.233174553393,0.3103392408103067,11.639175834690125,0.064,0.00017
knn,TOperacao,3000,3141,28.596103432718795,0.3830048767131297,12.51581683576107,0.001,0.00713
svm,TOperacao,3000,3141,30.887325341920956,0.2801721952117795,12.22661702664791,0.064,0.00016
knn,TOperacao,3000,4096,30.751367968079048,0.2864952100866943,12.61401672244072,0.001,0.0069
svm,TOperacao,3000,4096,31.16609984028014,0.2671199022136377,11.617825685619682,0.064,0.00018
knn,TOperacao,3000,5000,31.193630478440085,0.2658245480669343,13.28907095849514,0.001,0.00785
svm,TOperacao,3000,5000,31.267815926305428,0.2623283279073314,11.413518369506782,0.064,0.00017
knn,TOperacao,3000,6273,30.08448518849987,0.3171061820038534,12.80342915713787,0.001,0.0071
svm,TOperacao,3000,6273,31.505459192605485,0.2510727366401034,11.732024081307465,0.064,0.00016
knn,TOperacao,3000,7777,29.4346843600837,0.3462875156795241,12.202554318904877,0.001,0.00722
svm,TOperacao,3000,7777,30.197808365198753,0.3119518009657867,11.60535056192519,0.065,0.00016
knn,TOperacao,3000,8192,31.866156526721724,0.2338260479036623,12.993787707090378,0.001,0.00665
svm,TOperacao,3000,8192,30.33767696709075,0.3055633101425341,11.959654450343644,0.065,0.00017
knn,TOperacao,3000,9001,29.164052339240975,0.3582531422977423,12.76126677930355,0.001,0.00653
svm,TOperacao,3000,9001,30.291432142496557,0.3076788067642035,11.7371124587951,0.064,0.00016
knn,TOperacao,3000,10240,30.9122203647229,0.2790113726944118,13.016270822286604,0.001,0.00691
svm,TOperacao,3000,10240,30.736382222946208,0.2871904504178162,12.020547289292727,0.064,0.00017
knn,TOperacao,3000,11111,30.17752681463283,0.3128757089545045,13.179066576361656,0.001,0.008
svm,TOperacao,3000,11111,31.03203458845884,0.2734115094001423,11.68409086046328,0.064,0.00016
knn,TOperacao,3000,12345,30.7134548910732,0.2882534724513739,13.083412582278251,0.001,0.00651
svm,TOperacao,3000,12345,30.651230287186134,0.2911345083118424,12.099523361676852,0.064,0.00016
knn,TOperacao,3000,13579,30.593954867252428,0.2937812298215411,13.310924969911577,0.001,0.00657
svm,TOperacao,3000,13579,30.696012406863233,0.2890616591184545,11.595638255975391,0.064,0.00017
knn,TOperacao,3000,14641,30.639839622722977,0.2916612701135177,13.156154272556304,0.001,0.00784
svm,TOperacao,3000,14641,30.9124821000502,0.2789991633486565,11.437064611840146,0.064,0.00016
knn,TOperacao,3000,15360,30.26429174294233,0.308918857487253,12.703683408498764,0.001,0.00894
svm,TOperacao,3000,15360,32.144680906198055,0.2203741136138046,11.746681565649752,0.066,0.00018
knn,TOperacao,3000,16384,31.145821434260384,0.2680732974319092,13.139183405041695,0.001,0.00665
svm,TOperacao,3000,16384,31.43229420377127,0.2545471585894869,12.055856000708452,0.064,0.00016
knn,TOperacao,6000,42,28.266750664833964,0.3971353915305539,12.67362942636013,0.001,0.01061
svm,TOperacao,6000,42,29.32765671580039,0.3510328090708329,11.051130923379738,0.13,0.00017
knn,TOperacao,6000,137,28.821230005291497,0.3732518864276909,12.449737595319748,0.001,0.01112
svm,TOperacao,6000,137,29.09581499608545,0.3612527165243357,11.129491404135916,0.13,0.00017
knn,TOperacao,6000,256,28.00710321940396,0.4081598870574695,12.12837503671646,0.001,0.01082
svm,TOperacao,6000,256,28.37273016774673,0.3926063202595651,10.871906543672084,0.13,0.00016
knn,TOperacao,6000,512,27.75232199114597,0.41887887365934,11.71326673090458,0.001,0.01082
svm,TOperacao,6000,512,29.66742315441083,0.3359088921047378,11.461706927047318,0.129,0.00016
knn,TOperacao,6000,1024,30.44844458911435,0.3004830578626161,13.57124170780182,0.001,0.01125
svm,TOperacao,6000,1024,29.2560840944212,0.3541964853361111,10.916767565901209,0.13,0.00016
knn,TOperacao,6000,2048,29.264677873159645,0.3538170286995022,12.759266784787178,0.001,0.01069
svm,TOperacao,6000,2048,27.82337743929141,0.4158993260254819,11.02467629595808,0.13,0.00016
knn,TOperacao,6000,3141,28.26328920850421,0.3972830322529639,12.72127906680107,0.001,0.01114
svm,TOperacao,6000,3141,28.334533408410607,0.3942406256835028,11.077878493666647,0.13,0.00016
knn,TOperacao,6000,4096,30.969405716613437,0.2763413526111233,12.46445412695408,0.001,0.01032
svm,TOperacao,6000,4096,29.390980815506804,0.3482272914104539,11.306397800497118,0.13,0.00016
knn,TOperacao,6000,5000,29.29209088591602,0.352605867680108,12.408595723509787,0.001,0.01167
svm,TOperacao,6000,5000,28.29690663838967,0.3958483906350658,11.22519124456788,0.13,0.00017
knn,TOperacao,6000,6273,31.058007037391462,0.2721947551695882,13.15975840628147,0.001,0.01066
svm,TOperacao,6000,6273,28.820896790530423,0.3732663785583615,11.168122833462244,0.129,0.00015
knn,TOperacao,6000,7777,28.379913483918216,0.3922987253870077,12.117337604165078,0.001,0.01079
svm,TOperacao,6000,7777,29.21896824414074,0.3558340484462048,11.33685134644858,0.13,0.00016
knn,TOperacao,6000,8192,30.469790171859824,0.2995019351289997,12.20643761754036,0.001,0.01163
svm,TOperacao,6000,8192,28.597333754843607,0.3829517842292024,11.312604254447503,0.13,0.00018
knn,TOperacao,6000,9001,29.105009317746127,0.3608489625205805,11.726371000409126,0.001,0.01117
svm,TOperacao,6000,9001,27.941324263299247,0.4109366760205286,10.8524497067462,0.13,0.00018
knn,TOperacao,6000,10240,28.38488024201111,0.3920859996264663,12.463337549567225,0.001,0.01012
svm,TOperacao,6000,10240,28.364416586490865,0.3929622167051366,11.16166584174785,0.13,0.00017
knn,TOperacao,6000,11111,29.585799555287903,0.3395580758329319,13.287987806797029,0.001,0.01077
svm,TOperacao,6000,11111,29.50577445597614,0.3431260343223077,11.07788121466458,0.129,0.00016
knn,TOperacao,6000,12345,28.04687982141527,0.4064775919934997,11.98705850839615,0.001,0.01084
svm,TOperacao,6000,12345,28.98654677108864,0.3660412901438613,10.982774957663986,0.129,0.00017
knn,TOperacao,6000,13579,26.785815302209787,0.4586504841820811,11.726616829633713,0.001,0.01134
svm,TOperacao,6000,13579,28.301047305432956,0.3956715675131578,11.151893287067226,0.129,0.00017
knn,TOperacao,6000,14641,28.23119883118042,0.3986509151323349,12.627704055309296,0.001,0.01132
svm,TOperacao,6000,14641,28.674805022120772,0.3796040415047272,11.224979267716408,0.13,0.00016
knn,TOperacao,6000,15360,27.518174779484305,0.4286433817879606,11.481295828223228,0.001,0.01226
svm,TOperacao,6000,15360,29.085456413891336,0.3617074443568076,11.0146915628361,0.152,0.00021
knn,TOperacao,6000,16384,26.35143824879989,0.4760659057452254,11.91557931125164,0.002,0.03007
svm,TOperacao,6000,16384,28.918182062302,0.369028144273149,10.974297299007487,0.129,0.00016
knn,TAtracado,100,42,38.97517922922084,0.0602091041789049,19.55815811216831,0.0,0.00164
svm,TAtracado,100,42,47.97857652006796,-0.4241302419246526,27.717630317701538,0.002,0.00011
knn,TAtracado,100,137,38.572507068549584,0.0795276948842491,20.097658088803293,0.0,0.0016
svm,TAtracado,100,137,48.46160613024008,-0.452949763701701,27.523337966879385,0.002,0.00012
knn,TAtracado,100,256,39.77892330465586,0.0210488084413476,20.29345833837986,0.0,0.00131
svm,TAtracado,100,256,48.33823877399589,-0.4455617122562212,28.224573756886112,0.002,0.0001
knn,TAtracado,100,512,39.33862194045896,0.0426003245141998,21.698516398072243,0.0,0.00159
svm,TAtracado,100,512,48.435032594861305,-0.4513567737335417,28.007214147612498,0.002,0.00011
knn,TAtracado,100,1024,39.450330283554834,0.0371552236772797,20.449424894452093,0.0,0.00144
svm,TAtracado,100,1024,48.54986435215748,-0.458246803706384,28.210626302034765,0.002,0.00012
knn,TAtracado,100,2048,38.893678884912575,0.0641353568164233,21.385166528820992,0.0,0.00149
svm,TAtracado,100,2048,48.300872585545726,-0.4433276939936654,28.368328390296018,0.002,0.00011
knn,TAtracado,100,3141,39.73051702051697,0.0234298963720792,20.290849983096123,0.0,0.00161
svm,TAtracado,100,3141,48.10932767185705,-0.4319028941388374,28.0384500516965,0.002,0.00011
knn,TAtracado,100,4096,49.38975740181886,-0.5091373837959101,30.302442415356637,0.0,0.00159
svm,TAtracado,100,4096,47.72269361898528,-0.4089801956569385,27.45299929957314,0.002,0.00012
knn,TAtracado,100,5000,39.73469507844431,0.0232244935077801,21.107783257365227,0.0,0.00184
svm,TAtracado,100,5000,47.63526624010774,-0.4038224561918428,28.288632753006233,0.002,0.00011
knn,TAtracado,100,6273,40.73729326975875,-0.026689996780844,21.065524824261665,0.0,0.00168
svm,TAtracado,100,6273,48.08341982557396,-0.4303610920399152,27.80619466044089,0.002,0.00011
knn,TAtracado,100,7777,42.6763721834086,-0.1267562597368541,26.73180837452412,0.0,0.00206
svm,TAtracado,100,7777,48.52084298129275,-0.4565039492996543,28.223337315359625,0.002,0.00013
knn,TAtracado,100,8192,37.3795116940946,0.1355851106470554,21.96196653664112,0.0,0.00165
svm,TAtracado,100,8192,48.08763245310858,-0.430611733217084,27.66609322707991,0.002,0.00011
knn,TAtracado,100,9001,45.07570763683203,-0.257013952522658,32.36941676676273,0.0,0.00186
svm,TAtracado,100,9001,48.022841316210894,-0.4267592450786415,27.453919989930306,0.002,0.00011
knn,TAtracado,100,10240,40.2648406419081,-0.0030139210470363,21.328237337470053,0.0,0.00155
svm,TAtracado,100,10240,47.898753597108154,-0.4193954756002644,27.600756775537548,0.002,0.00013
knn,TAtracado,100,11111,39.768599566366454,0.0215568726929408,20.93160809576511,0.0,0.00162
svm,TAtracado,100,11111,48.27340230364006,-0.4416864257604824,27.771376767731116,0.002,0.0001
knn,TAtracado,100,12345,39.6258873553443,0.0285666863411814,20.196849852204323,0.0,0.00182
svm,TAtracado,100,12345,47.97123895863755,-0.4236946790197318,27.955225163144107,0.002,0.0001
knn,TAtracado,100,13579,37.55306448945362,0.1275395322958581,20.8119247084856,0.0,0.00175
svm,TAtracado,100,13579,47.87742942710296,-0.4181319482332262,27.7993857577581,0.002,0.00013
knn,TAtracado,100,14641,39.87051664736104,0.0165354312807226,22.243454034924508,0.0,0.00194
svm,TAtracado,100,14641,47.97140890102547,-0.4237047661680828,27.98422390553903,0.002,0.00011
knn,TAtracado,100,15360,39.980240731314,0.0111149731389635,23.776641333699228,0.0,0.00182
svm,TAtracado,100,15360,47.94152647556773,-0.4219316057872275,27.374010989230214,0.002,0.00011
knn,TAtracado,100,16384,39.4127652191215,0.0389880147020963,21.236033230423928,0.0,0.00192
svm,TAtracado,100,16384,48.15789088992444,-0.434795177727149,27.755323369169865,0.002,0.0001
knn,TAtracado,500,42,36.51412180554436,0.1751467090673828,20.30793330848217,0.0,0.00269
svm,TAtracado,500,42,43.28799385446979,-0.1592841818388688,23.232951740395524,0.011,0.00014
knn,TAtracado,500,137,36.39037170326131,0.1807282595257698,19.457316536307335,0.0,0.00261
svm,TAtracado,500,137,43.154714380865855,-0.1521565275817591,22.86537457193393,0.011,0.00013
knn,TAtracado,500,256,37.26524882694185,0.1408617746148592,20.03650017261505,0.0,0.00259
svm,TAtracado,500,256,44.040396604140305,-0.1999342072421146,23.097599506937826,0.011,0.00014
knn,TAtracado,500,512,36.565841018606726,0.172808382212058,18.19313325583935,0.0,0.00247
svm,TAtracado,500,512,44.347002515442256,-0.2167000685723907,23.949500196390613,0.011,0.00013
knn,TAtracado,500,1024,36.467803119960806,0.1772380581587681,19.466449896097185,0.0,0.00343
svm,TAtracado,500,1024,43.299180833570915,-0.1598834502522941,22.53175170992344,0.011,0.00014
knn,TAtracado,500,2048,38.97067034435124,0.060426533010791,20.087399947047235,0.0,0.00265
svm,TAtracado,500,2048,43.78604503793163,-0.186113995561826,23.68822745776184,0.011,0.00013
knn,TAtracado,500,3141,38.731435925669814,0.0719268932558964,19.48748316109181,0.0,0.00266
svm,TAtracado,500,3141,44.46742160765322,-0.2233166527887744,23.884298180761807,0.011,0.00013
knn,TAtracado,500,4096,37.00412707203503,0.1528597459996533,19.350691432356836,0.0,0.00313
svm,TAtracado,500,4096,46.34654428000516,-0.3288920601858405,23.844228597982394,0.011,0.00012
knn,TAtracado,500,5000,37.98701535340713,0.1072592970506786,19.148066511750223,0.0,0.00305
svm,TAtracado,500,5000,43.54350398879496,-0.1730100686896929,22.858530771226423,0.011,0.00012
knn,TAtracado,500,6273,36.61566303049966,0.1705527017202168,18.90082485973835,0.0,0.00397
svm,TAtracado,500,6273,44.283711842834265,-0.2132296732260601,23.42179485475075,0.011,0.00012
knn,TAtracado,500,7777,36.65888966929608,0.1685931368973037,18.620916556715965,0.0,0.00296
svm,TAtracado,500,7777,43.34104495878055,-0.162127417881339,22.872447471477994,0.011,0.00015
knn,TAtracado,500,8192,37.32589639082484,0.1380630792585977,19.71558321416378,0.0,0.0027
svm,TAtracado,500,8192,43.28138017144364,-0.1589299703484348,22.792053748201475,0.011,0.00015
knn,TAtracado,500,9001,37.79597440014584,0.1162161037760125,19.190766224861147,0.0,0.00251
svm,TAtracado,500,9001,43.156690680410584,-0.1522620575843147,23.21353310381187,0.011,0.00014
knn,TAtracado,500,10240,38.26327559957577,0.0942271824261463,20.96477486670017,0.0,0.00284
svm,TAtracado,500,10240,44.07320027499892,-0.2017224248508775,23.44340327010977,0.011,0.00013
knn,TAtracado,500,11111,37.4122008420256,0.1340725525334281,19.315983474850658,0.0,0.00256
svm,TAtracado,500,11111,44.21440311392816,-0.2094349776077733,22.910820347996523,0.011,0.00016
knn,TAtracado,500,12345,36.25695820341192,0.186724436267536,19.194574869275097,0.0,0.0031
svm,TAtracado,500,12345,44.34871692087205,-0.2167941429136215,23.74845252323485,0.011,0.00013
knn,TAtracado,500,13579,36.51231285236376,0.175228435476216,18.30823747754097,0.0,0.00287
svm,TAtracado,500,13579,44.12793894119279,-0.204709343517067,23.456757950901384,0.011,0.00013
knn,TAtracado,500,14641,43.637910395871245,-0.1781019746179437,21.971225215792657,0.0,0.00257
svm,TAtracado,500,14641,44.02471899081746,-0.1990800479895331,23.490770747713334,0.011,0.00013
knn,TAtracado,500,15360,36.198224019122314,0.1893572212140232,18.726949644088744,0.0,0.00267
svm,TAtracado,500,15360,43.38407092717492,-0.1644359213648021,22.737988561782373,0.013,0.00014
knn,TAtracado,500,16384,35.483068359641386,0.2210719789472618,20.31045825302601,0.0,0.00248
svm,TAtracado,500,16384,43.62370063309861,-0.1773348515441546,22.76802794308665,0.011,0.00013
knn,TAtracado,1500,42,34.45548474377599,0.2655339596625897,17.63904179751873,0.0,0.00451
svm,TAtracado,1500,42,39.1652596480778,0.0510201048894409,18.16215561699308,0.033,0.00016
knn,TAtracado,1500,137,36.334503241987065,0.1832419088217017,19.266433557868005,0.0,0.00399
svm,TAtracado,1500,137,39.46450296910336,0.0364632879010512,18.52878753436658,0.034,0.00015
knn,TAtracado,1500,256,35.3135609531376,0.2284962915846968,17.209987593889238,0.0,0.00442
svm,TAtracado,1500,256,38.38936386607048,0.0882477938213596,17.90320199381959,0.034,0.00016
knn,TAtracado,1500,512,34.67843327272634,0.2559982993259069,16.594591557383538,0.0,0.00406
svm,TAtracado,1500,512,39.28159229329465,0.0453742187563772,18.30441726607926,0.034,0.00018
knn,TAtracado,1500,1024,34.55373619019372,0.2613392580918201,17.836383487582207,0.0,0.00413
svm,TAtracado,1500,1024,38.8948530348944,0.0640788508714135,18.187841121953316,0.032,0.00016
knn,TAtracado,1500,2048,35.12357887014685,0.2367751289134693,17.476095652580263,0.0,0.00475
svm,TAtracado,1500,2048,38.907367520742305,0.0634764855026536,17.958076175130977,0.039,0.00018
knn,TAtracado,1500,3141,34.3541716316791,0.2698468660980142,17.413312366604806,0.0,0.00441
svm,TAtracado,1500,3141,39.20609631269797,0.0490401166267495,18.26810041206359,0.033,0.00015
knn,TAtracado,1500,4096,33.74081890105462,0.2956861490946503,17.23946653664112,0.0,0.00438
svm,TAtracado,1500,4096,37.762439772799475,0.1177836895388285,17.56001542135719,0.033,0.00016
knn,TAtracado,1500,5000,37.90911710733158,0.1109169484900191,19.2599208766222,0.0,0.00444
svm,TAtracado,1500,5000,39.091066934096986,0.0546120997561293,18.2868095712183,0.036,0.00016
knn,TAtracado,1500,6273,35.851501920215206,0.204812215460952,17.649295639395714,0.0,0.00472
svm,TAtracado,1500,6273,38.73245878640431,0.0718778735357719,17.528404361716717,0.035,0.00016
knn,TAtracado,1500,7777,36.540581258556266,0.1739508388962758,19.065150119662285,0.0,0.00432
svm,TAtracado,1500,7777,39.015399212926646,0.0582684907905097,18.207291112401983,0.036,0.00017
knn,TAtracado,1500,8192,37.97357377613422,0.1078909718469076,18.746695635914804,0.0,0.00477
svm,TAtracado,1500,8192,38.93467208150106,0.0621615501771344,17.998914935798872,0.034,0.00017
knn,TAtracado,1500,9001,35.61716911311285,0.2151732660207574,19.34182060241699,0.0,0.00422
svm,TAtracado,1500,9001,39.34772214678134,0.0421573226048436,18.473984872551128,0.034,0.00014
knn,TAtracado,1500,10240,33.616731923858325,0.3008570651098635,17.430349880456923,0.0,0.00405
svm,TAtracado,1500,10240,37.76725677765333,0.1175586028485169,17.779268474350115,0.033,0.00015
knn,TAtracado,1500,11111,31.772782932003626,0.3754524587336375,16.950670838952064,0.0,0.00392
svm,TAtracado,1500,11111,38.758694724788384,0.0706200963311091,18.10660417899507,0.034,0.00016
knn,TAtracado,1500,12345,36.963883777672486,0.1547013339160641,18.72703734636307,0.0,0.00421
svm,TAtracado,1500,12345,39.09559116443143,0.0543932569124254,18.479337821205164,0.034,0.00015
knn,TAtracado,1500,13579,37.239501626596905,0.1420485511976313,19.375166484713553,0.0,0.00404
svm,TAtracado,1500,13579,38.278728580351626,0.0934954250893701,17.608091433930767,0.036,0.00016
knn,TAtracado,1500,14641,35.65264670764285,0.2136089849358697,17.541241580843927,0.0,0.00477
svm,TAtracado,1500,14641,38.40498279287147,0.0875057399571399,17.97441869122482,0.033,0.00017
knn,TAtracado,1500,15360,40.07528134639992,0.006407850387105,20.636233338713645,0.0,0.0046
svm,TAtracado,1500,15360,39.221325468681414,0.0483011943414621,18.274442477335207,0.033,0.00016
knn,TAtracado,1500,16384,34.61704899273967,0.258629882368566,19.11245843052864,0.0,0.00412
svm,TAtracado,1500,16384,38.22011842388442,0.0962692737451178,17.942736700024938,0.037,0.00016
knn,TAtracado,3000,42,36.90242476666096,0.1575099149234923,18.402528760433196,0.001,0.00616
svm,TAtracado,3000,42,33.88475462502277,0.2896642350886738,15.532435347709482,0.07,0.00017
knn,TAtracado,3000,137,32.04271219810268,0.3647955533828885,16.195120792984962,0.001,0.00699
svm,TAtracado,3000,137,35.50559005705059,0.2200828678385907,15.72785751736701,0.069,0.00016
knn,TAtracado,3000,256,34.79586530298557,0.2509509224737525,18.111695717573166,0.001,0.00669
svm,TAtracado,3000,256,35.343110729939404,0.2272045894648084,15.647049946397267,0.072,0.00017
knn,TAtracado,3000,512,32.26920355295367,0.3557840330293604,16.47911230266094,0.001,0.00679
svm,TAtracado,3000,512,35.85539874608616,0.2046393425507623,15.883975408764307,0.072,0.00017
knn,TAtracado,3000,1024,34.75373742425982,0.2527635945169491,18.13445404291153,0.001,0.00658
svm,TAtracado,3000,1024,35.36062162122009,0.2264386303591873,15.959656414705314,0.071,0.00018
knn,TAtracado,3000,2048,32.27084350369144,0.3557185520642483,16.14898323595524,0.001,0.00679
svm,TAtracado,3000,2048,35.31413594333272,0.228471167486908,15.8449621923098,0.073,0.00017
knn,TAtracado,3000,3141,33.10076640231712,0.32215391778452,17.388024706840515,0.001,0.00722
svm,TAtracado,3000,3141,35.948876565319146,0.2004868021447562,16.427608046058108,0.067,0.00016
knn,TAtracado,3000,4096,38.51809705669835,0.0821226823297583,18.475554199814795,0.001,0.00698
svm,TAtracado,3000,4096,35.69691006946727,0.2116551374208353,15.63987178610052,0.068,0.00017
knn,TAtracado,3000,5000,34.92315902804256,0.2454604048741531,17.512916561961173,0.001,0.00749
svm,TAtracado,3000,5000,35.1322479167531,0.236398330835903,15.563775379495937,0.072,0.00017
knn,TAtracado,3000,6273,34.79521039177622,0.2509791186985856,17.936375032663346,0.001,0.00736
svm,TAtracado,3000,6273,35.788525951494464,0.2076033809992686,15.814262928354085,0.069,0.00017
knn,TAtracado,3000,7777,33.87446766213875,0.2900954666879847,16.60453743636608,0.001,0.00745
svm,TAtracado,3000,7777,35.701311259478686,0.211460730150255,16.455714998667077,0.069,0.00017
knn,TAtracado,3000,8192,35.4827910958391,0.2210841519475699,17.405312417149545,0.001,0.00675
svm,TAtracado,3000,8192,35.268871891371624,0.2304477210218084,16.41281102873043,0.072,0.00018
knn,TAtracado,3000,9001,32.53168846221662,0.3452610149686604,16.570941749215127,0.001,0.0075
svm,TAtracado,3000,9001,34.901789781050574,0.2463835178087077,15.719770368382424,0.069,0.00018
knn,TAtracado,3000,10240,35.800210388842665,0.2070858844094633,17.78020405113697,0.001,0.0063
svm,TAtracado,3000,10240,35.68968488040048,0.2119742330641815,16.26572732703534,0.071,0.00018
knn,TAtracado,3000,11111,33.61829798846209,0.3007919232329381,17.16267080783844,0.001,0.00665
svm,TAtracado,3000,11111,35.47083926343426,0.221608795218844,15.960636887450702,0.069,0.00018
knn,TAtracado,3000,12345,37.05947098194545,0.150323860527012,18.41204157292843,0.001,0.00631
svm,TAtracado,3000,12345,35.75032267556848,0.2092942016479756,16.430351177810156,0.068,0.00017
knn,TAtracado,3000,13579,34.589911365608074,0.2597918034662624,17.376170867681502,0.001,0.00734
svm,TAtracado,3000,13579,35.370582722099385,0.2260027438950713,15.985596779399794,0.072,0.00019
knn,TAtracado,3000,14641,34.492658908284774,0.2639482678425815,17.625633162260055,0.001,0.00688
svm,TAtracado,3000,14641,35.29407568581221,0.2293474551696562,15.557460939232712,0.071,0.00017
knn,TAtracado,3000,15360,34.1224551750728,0.2796633108987086,16.837716401219367,0.001,0.00731
svm,TAtracado,3000,15360,36.62505829303547,0.1701269891003115,15.786248712470517,0.071,0.00018
knn,TAtracado,3000,16384,34.65354965994559,0.257065637512246,17.24242083787918,0.001,0.0067
svm,TAtracado,3000,16384,36.1593405740431,0.1910978400103862,16.0209063280207,0.07,0.00016
knn,TAtracado,6000,42,31.888731340230756,0.3708858190418979,16.373316401839258,0.001,0.01095
svm,TAtracado,6000,42,32.55450146514143,0.3443424152737233,14.708377362644146,0.139,0.00018
knn,TAtracado,6000,137,32.07834320673806,0.3633820925781538,16.48323324263096,0.002,0.01047
svm,TAtracado,6000,137,32.73724916914328,0.336960564966871,15.120157854574678,0.139,0.00017
knn,TAtracado,6000,256,30.25800155890874,0.4335840513297488,15.464420564770698,0.001,0.01103
svm,TAtracado,6000,256,32.10727196132354,0.3622333507455094,14.583044583925757,0.143,0.00017
knn,TAtracado,6000,512,32.35963039266381,0.3521684472884294,16.464254096746444,0.001,0.01166
svm,TAtracado,6000,512,33.37681757083786,0.3108006780458388,15.05320671474282,0.138,0.00016
knn,TAtracado,6000,1024,34.10769263340414,0.2802864606701749,17.95044585645199,0.001,0.01162
svm,TAtracado,6000,1024,32.914378732607595,0.3297662152804109,15.027767285199456,0.145,0.00015
knn,TAtracado,6000,2048,32.244011439504646,0.3567895010917996,16.8309247815609,0.001,0.01219
svm,TAtracado,6000,2048,31.091929182716743,0.4019323230809674,14.575414050459509,0.139,0.00016
knn,TAtracado,6000,3141,31.399980596390368,0.3900225909184395,16.442675028443336,0.001,0.01069
svm,TAtracado,6000,3141,31.988060912710814,0.366960484676102,14.826032675095018,0.142,0.00017
knn,TAtracado,6000,4096,34.7351460730328,0.2535628420066701,16.540237278342246,0.001,0.01169
svm,TAtracado,6000,4096,32.733271529260584,0.3371216763581464,14.758843964200738,0.139,0.00018
knn,TAtracado,6000,5000,34.52482605570008,0.2625747741474624,17.447091577649118,0.001,0.01167
svm,TAtracado,6000,5000,32.13793057116568,0.3610147872810242,15.111160618542074,0.141,0.00016
knn,TAtracado,6000,6273,35.12976667372481,0.2365061869808217,17.376920711398125,0.001,0.01103
svm,TAtracado,6000,6273,33.14051782812984,0.3205248601640719,15.205665684106489,0.142,0.00017
knn,TAtracado,6000,7777,32.10306094429706,0.3624006318589413,16.460149956941606,0.001,0.01065
svm,TAtracado,6000,7777,33.3391957819047,0.3123535102205308,15.475366082438134,0.145,0.00017
knn,TAtracado,6000,8192,33.2357294588745,0.3166150318241365,15.926162409186364,0.001,0.01141
svm,TAtracado,6000,8192,33.10851724943659,0.3218364329014149,15.319273211349577,0.14,0.00016
knn,TAtracado,6000,9001,31.413498449760123,0.3894972810359728,15.233929381370544,0.001,0.01083
svm,TAtracado,6000,9001,31.94021929412401,0.368852627335025,14.702522948020814,0.142,0.00018
knn,TAtracado,6000,10240,32.44686021290012,0.3486711023103866,17.705003985762595,0.001,0.01127
svm,TAtracado,6000,10240,33.1188842471995,0.3214116708479222,15.28127356529236,0.142,0.00017
knn,TAtracado,6000,11111,32.71811853155805,0.3377352580936253,17.259179109930994,0.001,0.0116
svm,TAtracado,6000,11111,33.37501117422932,0.3108752767474987,14.895714913119257,0.143,0.00017
knn,TAtracado,6000,12345,32.68633452820137,0.3390213467500841,16.49627908706665,0.001,0.01061
svm,TAtracado,6000,12345,32.75516080575802,0.3362348246781582,14.70662633215366,0.139,0.00016
knn,TAtracado,6000,13579,29.17679954851923,0.4733400483884852,15.020716406702997,0.001,0.01141
svm,TAtracado,6000,13579,32.02421201566614,0.3655288250036101,14.85026455020913,0.14,0.00017
knn,TAtracado,6000,14641,32.36714005753766,0.3518677292453642,16.664070978164673,0.001,0.01166
svm,TAtracado,6000,14641,32.786800990006,0.3349518637456687,14.91934406580376,0.143,0.00016
knn,TAtracado,6000,15360,37.33844025251573,0.1374836512835719,17.65965003967285,0.001,0.01027
svm,TAtracado,6000,15360,33.10964806194853,0.3217901071214195,15.102778111183593,0.14,0.00017
knn,TAtracado,6000,16384,32.902504028510016,0.330249736009088,16.55231683075428,0.001,0.01182
svm,TAtracado,6000,16384,32.75598327000418,0.3362014906956628,14.743185005004324,0.141,0.00017
linear_regression,TOperacao,100,42,37.89391596336391,-0.08344529566516434,20.594157744646072,0.033,0.00021
linear_regression,TOperacao,100,137,34.799111822559844,0.08629851220065676,19.65412170648575,0.001,0.0001
linear_regression,TOperacao,100,256,47.73093972056505,-0.7189687538138885,23.61899771809578,0.001,0.0001
linear_regression,TOperacao,100,512,34.78637984180414,0.08696698337823006,18.91342774629593,0.001,0.00011
linear_regression,TOperacao,100,1024,302.906715062565,-68.22864244618953,38.56630675792694,0.001,0.00012
linear_regression,TOperacao,100,2048,33.87033029410878,0.13442067096678612,18.110124926567078,0.001,8e-05
linear_regression,TOperacao,100,3141,37.71573680794075,-0.0732804180866935,18.17326404094696,0.001,8e-05
linear_regression,TOperacao,100,4096,34.295401041855385,0.11255839709785787,16.628942866325378,0.001,9e-05
linear_regression,TOperacao,100,5000,45.49463174524243,-0.56166659614807,20.725065064430236,0.001,0.00014
linear_regression,TOperacao,100,6273,33.00860967771105,0.1779041092850695,19.103876316547392,0.001,0.0001
linear_regression,TOperacao,100,7777,31.342493941638086,0.25880050615646566,17.548151395320893,0.001,8e-05
linear_regression,TOperacao,100,8192,35.539803081937286,0.0469887065239295,24.740555300712586,0.001,0.0001
linear_regression,TOperacao,100,9001,33.839561374560546,0.13599259798301555,18.93968551516533,0.001,8e-05
linear_regression,TOperacao,100,10240,33.94400189435741,0.13065112012127356,16.30437902927399,0.001,8e-05
linear_regression,TOperacao,100,11111,34.05417938571268,0.12499839080563602,15.615919229984284,0.001,8e-05
linear_regression,TOperacao,100,12345,109.76091869547301,-8.089991554388275,26.45162254691124,0.001,8e-05
linear_regression,TOperacao,100,13579,31.939650041080103,0.23028788983670712,16.730220680236815,0.001,8e-05
linear_regression,TOperacao,100,14641,34.011104693514454,0.12721054735160298,19.45795767188072,0.001,0.0001
linear_regression,TOperacao,100,15360,31.503123951038095,0.25118375620968825,17.646715371608735,0.001,0.0001
linear_regression,TOperacao,100,16384,32.850676829672324,0.18575208230791762,17.261601598262786,0.001,0.00011
linear_regression,TOperacao,500,42,31.81684708796411,0.23619535639581368,15.999499609470368,0.016,0.00018
linear_regression,TOperacao,500,137,29.654353783460305,0.33649386648933277,15.040701661109924,0.013,0.00021
linear_regression,TOperacao,500,256,32.35549210821999,0.21011469910100733,15.715634753704071,0.013,0.00018
linear_regression,TOperacao,500,512,30.357479496146833,0.3046564450035535,15.233526973724365,0.013,0.00015
linear_regression,TOperacao,500,1024,31.21954778327102,0.26460405828342337,14.37476157426834,0.012,0.00014
linear_regression,TOperacao,500,2048,30.90271589283683,0.27945466422007037,14.70236207485199,0.012,0.00014
linear_regression,TOperacao,500,3141,33.454746074058086,0.15553143329851082,16.24936242222786,0.012,0.00023
linear_regression,TOperacao,500,4096,32.86534988574131,0.1850245372625764,16.096791471242906,0.012,0.00015
linear_regression,TOperacao,500,5000,31.198411845013677,0.26559946166655657,16.628636988401414,0.013,0.00021
linear_regression,TOperacao,500,6273,31.282537705551377,0.2616335306692269,14.967531716823578,0.013,0.00014
linear_regression,TOperacao,500,7777,32.42298478466166,0.2068159035826188,15.657274817228318,0.012,0.0002
linear_regression,TOperacao,500,8192,31.190608259815022,0.2659668034699719,14.305664566755295,0.015,0.00019
linear_regression,TOperacao,500,9001,31.33999752734525,0.2589185738076448,14.796980006694794,0.012,0.00016
linear_regression,TOperacao,500,10240,32.13408957553373,0.2208877858595496,18.2950610601902,0.016,0.00021
linear_regression,TOperacao,500,11111,30.78625589882136,0.2848753259688973,14.599289021492005,0.013,0.00026
linear_regression,TOperacao,500,12345,32.394220568155625,0.20822263395408502,15.729401046037674,0.015,0.00026
linear_regression,TOperacao,500,13579,31.025673755422822,0.273709345778934,14.526084623336793,0.014,0.00015
linear_regression,TOperacao,500,14641,32.45714382400418,0.2051437145778412,14.991148655414582,0.012,0.00018
linear_regression,TOperacao,500,15360,32.421284836303144,0.20689907523777962,15.797865654230117,0.012,0.0002
linear_regression,TOperacao,500,16384,42.53757882958253,-0.3652542801656513,21.123397467136382,0.012,0.00028
linear_regression,TOperacao,1500,42,32.284237404379915,0.21358990933638922,14.775834817886352,0.193,0.0003
linear_regression,TOperacao,1500,137,29.136102810168552,0.3594825961106586,13.637577172517776,0.202,0.00032
linear_regression,TOperacao,1500,256,29.107647056925817,0.36073310685390214,14.234208112955093,0.178,0.00016
linear_regression,TOperacao,1500,512,30.08063529264798,0.3172809499508765,13.439625755548477,0.203,0.00047
linear_regression,TOperacao,1500,1024,30.01722715599648,0.32015617623020753,14.954312723875045,0.197,0.00018
linear_regression,TOperacao,1500,2048,28.794182793698184,0.374427674876578,13.974427887201308,0.22,0.00023
linear_regression,TOperacao,1500,3141,30.53165971425874,0.29665429519759734,14.586595422029495,0.225,0.00029
linear_regression,TOperacao,1500,4096,28.72233219880575,0.37754578137817807,13.830549547672272,0.211,0.00016
linear_regression,TOperacao,1500,5000,30.434468672198523,0.30112507075370354,14.126802307367324,0.234,0.00251
linear_regression,TOperacao,1500,6273,31.908240957247077,0.23180099752498307,14.235963233709334,0.196,0.00023
linear_regression,TOperacao,1500,7777,30.02823114872907,0.31965763799523905,14.850377688407898,0.242,0.00058
linear_regression,TOperacao,1500,8192,27.800057441305388,0.4168780367011,13.912511790990829,0.186,0.00029
linear_regression,TOperacao,1500,9001,31.302161702248316,0.2607068637796548,14.834724011421203,0.216,0.00026
linear_regression,TOperacao,1500,10240,30.883712306597882,0.28034058863171496,16.39977952480316,0.218,0.00044
linear_regression,TOperacao,1500,11111,30.544576587287587,0.2960590475741576,13.874695652723313,0.235,0.00043
linear_regression,TOperacao,1500,12345,30.088824022199773,0.31690919167119,14.4711423265934,0.211,0.0002
linear_regression,TOperacao,1500,13579,36.06236786079535,0.018757181565427716,17.6719260597229,0.252,0.00024
linear_regression,TOperacao,1500,14641,27.1031681385343,0.44574689914606447,13.602004601955414,0.317,0.00057
linear_regression,TOperacao,1500,15360,30.24886192101179,0.30962335378295647,13.967568401098251,0.535,0.0034
linear_regression,TOperacao,1500,16384,27.452684331673602,0.4313596865645749,13.589259037971496,0.327,0.00081
linear_regression,TOperacao,3000,42,26.285760834280232,0.4786743216065299,12.500888073444367,0.88,0.00289
linear_regression,TOperacao,3000,137,26.79353998213054,0.45833820287429916,13.022802233695984,0.761,0.00056
linear_regression,TOperacao,3000,256,27.8878756145674,0.4131881459279696,13.911084028482437,0.794,0.00441
linear_regression,TOperacao,3000,512,28.154052910528865,0.4019329750316113,13.367112443447112,1.132,0.00166
linear_regression,TOperacao,3000,1024,27.600863663452703,0.4252045037310369,13.654242013692857,0.88,0.00629
linear_regression,TOperacao,3000,2048,26.115920193014297,0.4853894582294338,12.756186028718949,1.318,0.00237
linear_regression,TOperacao,3000,3141,26.786679710379225,0.45861554371158963,13.106591781377793,0.945,0.00132
linear_regression,TOperacao,3000,4096,28.140464007451563,0.4025101646493957,13.526502794027328,0.809,0.00093
linear_regression,TOperacao,3000,5000,31.476968789174844,0.25242663483941463,14.178815034627915,1.313,0.00128
linear_regression,TOperacao,3000,6273,29.52909436032686,0.3420873026352821,14.336095204353333,0.801,0.00052
linear_regression,TOperacao,3000,7777,28.10976116997259,0.40381324378761596,13.74419339299202,1.116,0.00331
linear_regression,TOperacao,3000,8192,30.63935924668132,0.2916834808229739,14.440722424983978,1.386,0.0014
linear_regression,TOperacao,3000,9001,26.704700315399794,0.46192423710403674,12.883537884950638,1.067,0.00208
linear_regression,TOperacao,3000,10240,27.49797599369512,0.4294818439678819,13.789494180679322,0.73,0.00025
linear_regression,TOperacao,3000,11111,27.152703102575526,0.44371909219823236,12.94373797416687,0.686,0.00016
linear_regression,TOperacao,3000,12345,29.744812623338543,0.3324397205626739,15.51815026164055,0.782,0.00046
linear_regression,TOperacao,3000,13579,27.874759229816537,0.4137400015190885,13.302641499042512,0.825,0.00121
linear_regression,TOperacao,3000,14641,28.166701674257535,0.4013954674950224,12.988367136716843,0.751,0.00155
linear_regression,TOperacao,3000,15360,29.231559261755095,0.3552787617362523,13.133103531599044,0.824,0.00081
linear_regression,TOperacao,3000,16384,30.271618582774792,0.30858420212490023,14.03267616033554,0.791,0.0004
linear_regression,TOperacao,6000,42,28.174786225465528,0.40105178909248274,13.24885818362236,1.236,0.00136
linear_regression,TOperacao,6000,137,27.829013427556482,0.41566266762780557,13.706552792787551,1.086,0.00025
linear_regression,TOperacao,6000,256,27.538241164180285,0.4278098060162776,13.015949053764343,1.249,0.00098
linear_regression,TOperacao,6000,512,26.534463411098578,0.46876261270759056,12.320225197076798,1.116,0.0005
linear_regression,TOperacao,6000,1024,28.814047117810837,0.3735642464620149,13.36587664961815,1.182,0.00352
linear_regression,TOperacao,6000,2048,25.495152476460166,0.5095629853013403,12.672914454936981,1.141,0.00158
linear_regression,TOperacao,6000,3141,25.7355239898115,0.5002715864990861,12.929192714691162,1.335,0.0011
linear_regression,TOperacao,6000,4096,26.352137795111094,0.47603808783074175,12.72002455830574,1.319,0.00826
linear_regression,TOperacao,6000,5000,27.29156817025854,0.43801464962691494,13.00610074043274,1.491,0.0021
linear_regression,TOperacao,6000,6273,26.935918886265693,0.45256620549209114,13.178710726499558,1.535,0.00134
linear_regression,TOperacao,6000,7777,25.853126735303793,0.4956939675014349,12.341541199684142,2.918,0.00194
linear_regression,TOperacao,6000,8192,27.807710011939623,0.41655695850147345,13.471976926326752,1.439,0.00284
linear_regression,TOperacao,6000,9001,25.99594103926109,0.4901069417534937,12.199675689935685,1.243,0.00125
linear_regression,TOperacao,6000,10240,26.24120588510424,0.480440141022514,12.591129862070083,1.219,0.00149
linear_regression,TOperacao,6000,11111,27.90094459805565,0.41263802647878367,13.514834901094437,1.273,0.00119
linear_regression,TOperacao,6000,12345,26.835828587199604,0.45662702933356913,12.848458304405213,1.282,0.00127
linear_regression,TOperacao,6000,13579,25.42355051007441,0.5123138567446779,12.554706214666366,1.2,0.00182
linear_regression,TOperacao,6000,14641,26.050370676027605,0.4879695043376413,12.920531848669052,1.107,0.00034
linear_regression,TOperacao,6000,15360,26.58167402282955,0.4668705560958869,12.523883939981461,1.12,0.00025
linear_regression,TOperacao,6000,16384,24.718608899593054,0.5389839290124421,12.267908016443252,1.226,0.00086
linear_regression,TAtracado,100,42,42.45548665877991,-0.11512265340156591,23.551393099427223,0.002,0.00016
linear_regression,TAtracado,100,137,38.6605656769044,0.07532013677089544,23.361563079953193,0.001,0.00016
linear_regression,TAtracado,100,256,45.64414057455637,-0.28891732111709945,24.010845142006875,0.001,9e-05
linear_regression,TAtracado,100,512,37.438425172071305,0.13285817190588212,22.658723186850548,0.001,0.00013
linear_regression,TAtracado,100,1024,37.01362682888805,0.1524247318501608,20.421751988530158,0.001,0.00011
linear_regression,TAtracado,100,2048,39.15296733296796,0.051615700547876564,22.44282573282719,0.002,0.00014
linear_regression,TAtracado,100,3141,41.849125598219,-0.08349713663495462,22.32811309158802,0.002,0.00015
linear_regression,TAtracado,100,4096,38.36427625576788,0.0894390722231947,23.379584129452706,0.007,0.00025
linear_regression,TAtracado,100,5000,52.69765638146892,-0.7180571020336621,25.31680521070957,0.001,0.00013
linear_regression,TAtracado,100,6273,37.37395258631124,0.13584220433245875,24.428063033223154,0.001,0.00011
linear_regression,TAtracado,100,7777,37.68086035584249,0.12159133292022617,25.22447686970234,0.001,0.0001
linear_regression,TAtracado,100,8192,38.69574461168078,0.07363655806889968,27.92180356800556,0.002,0.0004
linear_regression,TAtracado,100,9001,38.969161749634324,0.060499275312667966,25.775750690102576,0.001,0.0001
linear_regression,TAtracado,100,10240,38.08863776453118,0.10247640943904923,20.30742270767689,0.001,8e-05
linear_regression,TAtracado,100,11111,40.273868035037616,-0.0034637236965864293,20.917810302376747,0.001,0.00011
linear_regression,TAtracado,100,12345,168.78866470484135,-16.625504081297624,35.77678050458431,0.001,0.00018
linear_regression,TAtracado,100,13579,36.10620211896692,0.19347355962711965,21.420580404400827,0.001,0.00018
linear_regression,TAtracado,100,14641,38.41031668948986,0.08725225784714563,23.694812830090523,0.001,0.00017
linear_regression,TAtracado,100,15360,35.31538933704158,0.22841639924635604,22.117275283932685,0.001,0.0001
linear_regression,TAtracado,100,16384,37.207242080955275,0.14353434637483808,22.315347588658334,0.002,0.0001
linear_regression,TAtracado,500,42,35.68268192576415,0.21228345222941303,20.75735410988331,0.031,0.00018
linear_regression,TAtracado,500,137,34.44743861267296,0.2658769483090563,20.345638211369515,0.014,0.00026
linear_regression,TAtracado,500,256,36.61505075826821,0.17058044084932977,20.76598213493824,0.013,0.00017
linear_regression,TAtracado,500,512,33.57521362857767,0.3025829495810519,19.748697357773782,0.013,0.00044
linear_regression,TAtracado,500,1024,34.5005620536679,0.26361093285836246,18.82629110634327,0.015,0.00017
linear_regression,TAtracado,500,2048,37.282853431448196,0.1400498459828412,20.209110615849497,0.015,0.00055
linear_regression,TAtracado,500,3141,38.06510296119867,0.10358521860167269,21.25132561981678,0.016,0.00031
linear_regression,TAtracado,500,4096,39.495414701095044,0.03495325984068809,21.750272491574286,0.012,0.00017
linear_regression,TAtracado,500,5000,34.10770613089353,0.280285891043382,21.026800530552865,0.015,0.00022
linear_regression,TAtracado,500,6273,36.26843594314725,0.1862094431064023,20.110385459065437,0.035,0.00015
linear_regression,TAtracado,500,7777,36.827565089146205,0.16092457217472977,21.143122751116753,0.012,0.0002
linear_regression,TAtracado,500,8192,36.13656491997752,0.19211652416500125,19.652412219643594,0.012,0.00014
linear_regression,TAtracado,500,9001,34.75982191642866,0.2525019275776671,18.573201094269752,0.013,0.0002
linear_regression,TAtracado,500,10240,44.16201080546128,-0.20657041115874497,27.816398416161537,0.014,0.00016
linear_regression,TAtracado,500,11111,38.7894659854406,0.06914380597683978,21.499490339159966,0.012,0.00017
linear_regression,TAtracado,500,12345,43.19175770207305,-0.154135362234465,23.051189475655555,0.013,0.00015
linear_regression,TAtracado,500,13579,34.945509736931605,0.2444942900141852,19.206764186024667,0.012,0.00014
linear_regression,TAtracado,500,14641,37.468057454229964,0.13148495387786785,21.06152321636677,0.012,0.00015
linear_regression,TAtracado,500,15360,35.37460472271126,0.22582671092138662,19.350752046704294,0.013,0.00027
linear_regression,TAtracado,500,16384,35.34120370831396,0.22728798324481214,20.6200224930048,0.012,0.00021
linear_regression,TAtracado,1500,42,34.99241138472103,0.2424649453616493,18.658352264761923,0.216,0.00048
linear_regression,TAtracado,1500,137,33.14691040720732,0.32026270267393675,18.57006286919117,0.171,0.00014
linear_regression,TAtracado,1500,256,30.841917708205333,0.41151182633185435,17.97177253782749,0.181,0.00025
linear_regression,TAtracado,1500,512,32.55088598931733,0.3444880407575195,17.27463298022747,0.172,0.00016
linear_regression,TAtracado,1500,1024,32.346229179298305,0.35270491393277825,17.944674165844916,0.16,0.00015
linear_regression,TAtracado,1500,2048,32.388005565440004,0.3510318217171171,17.874745703339578,0.242,0.00064
linear_regression,TAtracado,1500,3141,32.71357485309407,0.33791918731920256,18.285481231808664,0.175,0.0002
linear_regression,TAtracado,1500,4096,31.409798546826586,0.389641083406976,17.416867962479593,0.224,0.0002
linear_regression,TAtracado,1500,5000,33.56833014443578,0.30286888474453055,19.074350355267526,0.202,0.00032
linear_regression,TAtracado,1500,6273,34.656791771199075,0.2569266163409021,17.80195248425007,0.183,0.00016
linear_regression,TAtracado,1500,7777,33.53471685636534,0.304264315304996,19.3069303137064,0.193,0.00019
linear_regression,TAtracado,1500,8192,32.80387475186804,0.3342590343330065,19.105227424502374,0.194,0.00041
linear_regression,TAtracado,1500,9001,35.367443720564964,0.22614011628646302,19.904692988991737,0.247,0.00036
linear_regression,TAtracado,1500,10240,35.96935524051755,0.19957563961715918,20.98175575077534,0.236,0.00046
linear_regression,TAtracado,1500,11111,32.59417930916196,0.3427431935401781,17.788363979458808,0.198,0.0002
linear_regression,TAtracado,1500,12345,33.429168556845525,0.30863698705690457,18.350094296336174,0.177,0.00025
linear_regression,TAtracado,1500,13579,36.73734917525021,0.1650304769942319,20.381325932145117,0.167,0.00022
linear_regression,TAtracado,1500,14641,31.58507184495422,0.3828102147141277,17.780151796936988,0.168,0.00016
linear_regression,TAtracado,1500,15360,35.31761418567061,0.22831917756353037,20.495784614682197,0.181,0.00033
linear_regression,TAtracado,1500,16384,31.07156265011096,0.4027155858613197,18.36829292356968,0.167,0.00022
linear_regression,TAtracado,3000,42,29.599398072888693,0.457973212442889,16.984552478194235,0.776,0.00059
linear_regression,TAtracado,3000,137,29.043357339091504,0.47814646693697893,16.21612052500248,0.745,0.00062
linear_regression,TAtracado,3000,256,31.76362479993886,0.3758124438541892,18.179207193255426,0.698,0.00029
linear_regression,TAtracado,3000,512,31.548418791364657,0.38424182547908026,17.556775462031364,0.705,0.00026
linear_regression,TAtracado,3000,1024,31.062409073382817,0.40306744994054644,18.879476669430733,0.879,0.00069
linear_regression,TAtracado,3000,2048,29.61722428221464,0.457320145613501,16.398573301434517,0.737,0.00037
linear_regression,TAtracado,3000,3141,31.14763634894603,0.3997872968335445,17.935554595589636,0.756,0.00048
linear_regression,TAtracado,3000,4096,32.07459442222636,0.36353087856039956,18.61042372763157,0.803,0.00053
linear_regression,TAtracado,3000,5000,32.84865590094202,0.33244016418194133,18.101970774531363,0.709,0.00023
linear_regression,TAtracado,3000,6273,32.546459830967805,0.3446662971940019,18.25294685661793,0.75,0.00033
linear_regression,TAtracado,3000,7777,32.79037997853262,0.3348066632693766,18.29168265759945,0.673,0.00027
linear_regression,TAtracado,3000,8192,33.604368608047544,0.3013712218968785,18.79749719321728,0.741,0.00059
linear_regression,TAtracado,3000,9001,29.555378586089347,0.4595841910955685,16.63203531205654,0.808,0.00041
linear_regression,TAtracado,3000,10240,31.96757462728764,0.36777106681463134,18.278656221032143,0.763,0.00119
linear_regression,TAtracado,3000,11111,29.494307577275265,0.46181523275268443,16.918217585682868,0.697,0.00016
linear_regression,TAtracado,3000,12345,34.09695276929361,0.2807396375378035,20.058391072154045,0.716,0.00032
linear_regression,TAtracado,3000,13579,31.48756933548745,0.3866148392344232,16.974111903309822,0.695,0.00046
linear_regression,TAtracado,3000,14641,29.821318375752217,0.44981509577436063,16.166014835238457,0.688,0.00019
linear_regression,TAtracado,3000,15360,33.58463093863533,0.3021916660731455,18.201130514740942,0.736,0.00129
linear_regression,TAtracado,3000,16384,33.35933969294723,0.31152229194268155,18.64457560122013,0.699,0.00029
linear_regression,TAtracado,6000,42,30.78632351552283,0.41363147651649745,16.99056590616703,1.07,0.00075
linear_regression,TAtracado,6000,137,30.147630803386644,0.43770869506160115,16.96856158077717,1.494,0.04597
linear_regression,TAtracado,6000,256,29.38419130711402,0.46582633020159525,16.60048725426197,1.395,0.00187
linear_regression,TAtracado,6000,512,30.296547039332786,0.43214002462249845,16.754994071125985,1.37,0.00153
linear_regression,TAtracado,6000,1024,30.279631407213863,0.43277396015465,17.0422726804018,1.512,0.00121
linear_regression,TAtracado,6000,2048,26.46937845768734,0.5665465354838544,15.845842145085335,1.201,0.00117
linear_regression,TAtracado,6000,3141,28.727649943919626,0.4894301190096978,16.69491107046604,1.39,0.0009
linear_regression,TAtracado,6000,4096,29.79351164280509,0.45084065150913055,17.469172504544257,1.376,0.00148
linear_regression,TAtracado,6000,5000,30.180946771796233,0.43646523878521015,17.51286798775196,1.457,0.00244
linear_regression,TAtracado,6000,6273,30.25144605726639,0.43382945672719986,17.316309537291527,1.696,0.00487
linear_regression,TAtracado,6000,7777,30.047547064267775,0.4414358737635383,17.05013653099537,1.429,0.00186
linear_regression,TAtracado,6000,8192,31.08720460410398,0.40211406819270845,17.53617445528507,2.054,0.00434
linear_regression,TAtracado,6000,9001,28.686541630708515,0.490890290627102,16.38330357849598,1.91,0.006
linear_regression,TAtracado,6000,10240,30.889170146859897,0.40970721720761405,18.755524242520334,1.87,0.00578
linear_regression,TAtracado,6000,11111,31.308137928236103,0.39358565189013495,17.377777739167215,1.467,0.00224
linear_regression,TAtracado,6000,12345,30.334828707813887,0.4307040615484574,17.103753207325937,1.179,0.00744
linear_regression,TAtracado,6000,13579,27.45469252424084,0.5336755786437686,16.152044597268105,1.276,0.00162
linear_regression,TAtracado,6000,14641,29.483475055793896,0.46221048376503715,16.728863874077796,1.427,0.00225
linear_regression,TAtracado,6000,15360,29.83672569448795,0.4492464378844707,16.64041038811207,1.505,0.0084
linear_regression,TAtracado,6000,16384,28.270507564505078,0.5055502027339533,16.665232670903205,1.188,0.00076
