model,target,size,seed,rmse,r2,mae,train_s,infer_s,best_iter
xgboost,TOperacao,100,42,36.52895956413615,-0.006798635056815661,18.95910488039255,0.751,0.00076,222
xgboost,TOperacao,100,137,34.35287099701102,0.10958167370011396,20.02863758325577,0.282,0.0005,51
xgboost,TOperacao,100,256,34.484893528515045,0.10272453668642045,15.367808270156383,0.503,0.00056,129
xgboost,TOperacao,100,512,32.38400045622386,0.20872215372494352,15.462505019903183,0.239,0.00054,38
xgboost,TOperacao,100,1024,33.779008674077666,0.13908195081512698,16.346721333223396,7.265,0.00156,2992
xgboost,TOperacao,100,2048,34.480376099407145,0.10295960267562221,17.07944277882576,0.29,0.00058,54
xgboost,TOperacao,100,3141,33.457611608711886,0.1553867627891773,15.321968540549278,0.406,0.00058,96
xgboost,TOperacao,100,4096,34.18930984219964,0.11804042194853892,14.678581614494323,0.253,0.00052,43
xgboost,TOperacao,100,5000,34.36380894534644,0.10901456534084619,16.69135819733143,0.44,0.00058,114
xgboost,TOperacao,100,6273,34.62689070317159,0.09531996705949786,16.583269731998442,0.285,0.00056,52
xgboost,TOperacao,100,7777,32.48380215924366,0.20383748459380258,16.64619531559758,1.917,0.00076,681
xgboost,TOperacao,100,8192,34.06301494584607,0.12454428312087262,20.756942541599273,0.262,0.00052,43
xgboost,TOperacao,100,9001,35.66053735881813,0.04050265090626759,17.910163383483887,0.301,0.00059,58
xgboost,TOperacao,100,10240,32.43985518269567,0.2059902662878751,14.824507259726524,0.448,0.00053,105
xgboost,TOperacao,100,11111,33.532051696218545,0.1516242092980693,14.161439430490136,0.752,0.00062,226
xgboost,TOperacao,100,12345,35.81512441436843,0.03216585205352118,18.943527512550354,0.171,0.00054,14
xgboost,TOperacao,100,13579,33.00947401708761,0.1778610551146682,16.11320032596588,0.477,0.00057,127
xgboost,TOperacao,100,14641,36.80797937080455,-0.02223787174113756,19.950321318730712,0.453,0.00059,117
xgboost,TOperacao,100,15360,30.957668282803738,0.2768897832755718,16.596115083694457,0.212,0.00054,29
xgboost,TOperacao,100,16384,34.377227914921484,0.10831857492422592,17.322933482453227,0.489,0.00056,133
xgboost,TOperacao,500,42,29.30687777754726,0.35195208279556045,14.045057735443116,1.093,0.00065,109
xgboost,TOperacao,500,137,30.236483932205033,0.31018824948023893,14.11292519673705,0.983,0.00061,96
xgboost,TOperacao,500,256,31.726965159343216,0.24050472518416888,13.778801149129867,0.799,0.00059,62
xgboost,TOperacao,500,512,30.16827523597778,0.31329695023298154,13.548349117040635,1.224,0.00066,137
xgboost,TOperacao,500,1024,32.34841650653745,0.2104601305748771,14.478237271308899,0.853,0.00062,74
xgboost,TOperacao,500,2048,32.040975971178845,0.22539644571196205,12.953907759189606,0.785,0.00061,58
xgboost,TOperacao,500,3141,33.52787028978407,0.15183577898332035,15.22185877263546,1.133,0.00061,120
xgboost,TOperacao,500,4096,33.79464002653326,0.1382849808802714,16.027364245057107,1.182,0.00066,133
xgboost,TOperacao,500,5000,30.038227099926267,0.31920461091315433,14.43742028772831,1.343,0.00065,159
xgboost,TOperacao,500,6273,29.803496145610286,0.3298030636786262,12.515567753314972,1.267,0.00066,140
xgboost,TOperacao,500,7777,31.026953240271705,0.27364944074307307,13.306062717437744,1.285,0.00064,143
xgboost,TOperacao,500,8192,30.963912757535088,0.2765980365690456,13.577257018387318,2.243,0.00077,308
xgboost,TOperacao,500,9001,31.54712629551565,0.2490904602068459,14.070137672424316,0.712,0.00076,48
xgboost,TOperacao,500,10240,29.40868976589478,0.3474416294485262,13.632577931284905,1.268,0.00064,138
xgboost,TOperacao,500,11111,29.615204797166687,0.33824460073431784,13.140302783250808,0.771,0.00059,62
xgboost,TOperacao,500,12345,29.751565443745907,0.33213658021748405,13.333379806429148,1.954,0.00075,238
xgboost,TOperacao,500,13579,29.1496500780462,0.35888682129351146,12.148448069691659,1.093,0.00065,115
xgboost,TOperacao,500,14641,31.82987116511873,0.23556990871177086,13.95916833639145,1.185,0.00064,123
xgboost,TOperacao,500,15360,32.57749305862348,0.19923822285311377,13.886006807982922,3.063,0.00088,430
xgboost,TOperacao,500,16384,33.89701668046033,0.13305615611856725,15.962623103857041,1.03,0.0006,101
xgboost,TOperacao,1500,42,32.81168466146955,0.1876838811254149,14.137232916355133,3.783,0.00075,370
xgboost,TOperacao,1500,137,26.3707652642079,0.475297082759667,13.096406427621842,1.339,0.00065,58
xgboost,TOperacao,1500,256,25.938853027630866,0.49234396935992897,11.964047772884369,1.566,0.00063,92
xgboost,TOperacao,1500,512,28.475442876680045,0.38820068328400203,11.745985062122346,2.477,0.00066,141
xgboost,TOperacao,1500,1024,27.568045717749357,0.4265705764036227,12.570749803557993,2.438,0.00063,154
xgboost,TOperacao,1500,2048,26.001454839656684,0.4898906197746543,11.889512751102448,2.724,0.00066,195
xgboost,TOperacao,1500,3141,28.56544983984248,0.3843269435746094,12.837578408718109,2.377,0.00067,180
xgboost,TOperacao,1500,4096,25.587736773601264,0.5059945255736011,11.27344836473465,2.252,0.00066,138
xgboost,TOperacao,1500,5000,27.62866989204311,0.4240457757966488,12.644697383642196,2.641,0.00068,185
xgboost,TOperacao,1500,6273,30.922913326875065,0.2785124866600416,12.502233606576919,3.006,0.00073,220
xgboost,TOperacao,1500,7777,26.534793276765956,0.4687494043708086,11.859444555044174,2.145,0.00068,133
xgboost,TOperacao,1500,8192,24.902007082718722,0.5321175907752593,11.675913238525391,1.415,0.00056,64
xgboost,TOperacao,1500,9001,29.7246571609612,0.3333441086744765,12.513365863114595,4.551,0.00086,400
xgboost,TOperacao,1500,10240,28.377267396769092,0.39241204184016565,13.534474154561758,5.151,0.00088,465
xgboost,TOperacao,1500,11111,29.295133516535927,0.3524713683355266,11.7945691716671,1.665,0.00064,109
xgboost,TOperacao,1500,12345,28.113154017811347,0.40366931563331443,12.349109324216842,2.56,0.00067,175
xgboost,TOperacao,1500,13579,31.93829307996757,0.2303532911302575,13.912048882246017,1.745,0.00061,85
xgboost,TOperacao,1500,14641,22.56221110416272,0.6159114773998358,10.530573897361755,1.986,0.00064,120
xgboost,TOperacao,1500,15360,28.381642937835924,0.39222465727019373,12.14824891090393,1.487,0.00063,72
xgboost,TOperacao,1500,16384,24.55648793847438,0.545011393622197,11.904105753898621,1.302,0.00057,43
xgboost,TOperacao,3000,42,25.46927354956108,0.5105581189563899,11.322024110555649,1.979,0.00061,90
xgboost,TOperacao,3000,137,23.85012882745382,0.5708101216520172,10.806430168151856,1.836,0.00064,83
xgboost,TOperacao,3000,256,25.301927106853082,0.5169687669672549,11.30021633386612,3.152,0.00071,202
xgboost,TOperacao,3000,512,24.727048593129975,0.5386690651302704,11.00605147331953,5.314,0.00086,479
xgboost,TOperacao,3000,1024,24.989432123701164,0.5288265755644641,11.364280830323697,3.932,0.00077,325
xgboost,TOperacao,3000,2048,25.109550632239465,0.5242860424042223,10.648162577152252,2.255,0.00065,107
xgboost,TOperacao,3000,3141,23.75588425633811,0.5741953359532497,10.852680696249008,2.698,0.00065,158
xgboost,TOperacao,3000,4096,24.621837413184974,0.5425865493665327,11.089293385744094,1.886,0.00059,86
xgboost,TOperacao,3000,5000,28.902915086792706,0.3696941950664647,12.34096351981163,2.456,0.00064,174
xgboost,TOperacao,3000,6273,26.208420621535435,0.4817375864273641,11.729021232128144,1.997,0.00061,112
xgboost,TOperacao,3000,7777,25.01441120074503,0.5278841484207153,11.089773055315018,1.88,0.00087,79
xgboost,TOperacao,3000,8192,26.07035277350572,0.4871836907728966,10.506988680362701,1.818,0.00062,66
xgboost,TOperacao,3000,9001,21.845462968621234,0.6399270315156546,10.071146894693374,1.796,0.00062,72
xgboost,TOperacao,3000,10240,24.34610575894135,0.5527740230941456,11.515330827236175,2.876,0.00066,192
xgboost,TOperacao,3000,11111,24.539669104115372,0.5456344271319807,10.701703298389912,6.685,0.001,588
xgboost,TOperacao,3000,12345,25.819556484551015,0.4970027986193768,11.329412662684918,15.252,0.00159,1661
xgboost,TOperacao,3000,13579,24.66315327169661,0.5410501664368632,11.068240113258362,1.816,0.00061,78
xgboost,TOperacao,3000,14641,25.427792255711974,0.5121511089696096,10.721007879972458,2.105,0.00064,103
xgboost,TOperacao,3000,15360,29.07040756635956,0.3623677800413,12.713718500137329,1.505,0.00055,61
xgboost,TOperacao,3000,16384,27.0178637391366,0.44923031649745626,11.323007808923721,2.921,0.00067,191
xgboost,TOperacao,6000,42,24.91467018628136,0.5316416171056347,11.447974547147751,3.721,0.0007,178
xgboost,TOperacao,6000,137,26.261845912919075,0.47962249968666004,12.075976796150208,2.613,0.00059,91
xgboost,TOperacao,6000,256,25.776007979750467,0.4986981262078348,12.334124330878257,3.624,0.00065,185
xgboost,TOperacao,6000,512,24.198786805828508,0.5581700012286457,11.130956829786301,3.343,0.00069,122
xgboost,TOperacao,6000,1024,26.504589003292956,0.4699581498536396,10.823507615327834,2.98,0.00068,113
xgboost,TOperacao,6000,2048,22.321621259641777,0.6240591812689806,10.483924065828324,3.492,0.00071,145
xgboost,TOperacao,6000,3141,22.4339491187794,0.6202660087901519,10.331885332465172,3.833,0.00069,170
xgboost,TOperacao,6000,4096,24.5830469557781,0.544026677482046,10.823837651014328,3.428,0.00067,143
xgboost,TOperacao,6000,5000,24.50234147011239,0.5470156594860957,11.211672780513764,3.494,0.00067,153
xgboost,TOperacao,6000,6273,26.218155959942894,0.4813524890464759,11.96711721777916,3.076,0.00064,109
xgboost,TOperacao,6000,7777,20.62782194720248,0.6789484573683825,10.1223535490036,3.437,0.00067,169
xgboost,TOperacao,6000,8192,25.60361707103093,0.5053811545429081,11.767008184194564,4.045,0.00076,206
xgboost,TOperacao,6000,9001,23.461846802977878,0.5846708605229627,10.262576197385789,2.652,0.00065,94
xgboost,TOperacao,6000,10240,23.347630401540687,0.588704808345835,10.6150264108181,3.333,0.00067,123
xgboost,TOperacao,6000,11111,25.792853502344602,0.4980426754880133,10.98231182038784,6.733,0.00085,426
xgboost,TOperacao,6000,12345,24.376204654384452,0.5516675357634979,11.560865850448609,2.345,0.00061,63
xgboost,TOperacao,6000,13579,25.806348675368397,0.49751727622816677,11.37089679479599,4.874,0.00073,266
xgboost,TOperacao,6000,14641,24.1701526837188,0.5592150064272832,11.112717413902283,3.122,0.00067,116
xgboost,TOperacao,6000,15360,23.322483772628562,0.5895903044386022,10.524688994288445,2.673,0.00063,91
xgboost,TOperacao,6000,16384,21.227573013267147,0.6600079989569276,10.143672862052917,3.055,0.00065,133
xgboost,TOperacao,12000,42,22.093482809185794,0.6317045279665539,9.819359084367752,4.82,0.0007,136
xgboost,TOperacao,12000,137,26.628674718858466,0.46498357127088097,10.766342809796333,5.011,0.0007,148
xgboost,TOperacao,12000,256,20.53984574852584,0.6816811417144011,9.828177320957185,9.153,0.0009,410
xgboost,TOperacao,12000,512,23.327154421447347,0.589425907582825,10.07427109360695,4.002,0.00065,102
xgboost,TOperacao,12000,1024,20.718209387815758,0.6761287117431338,9.788955404758454,4.576,0.00065,121
xgboost,TOperacao,12000,2048,26.277787166213525,0.47899055726394113,11.239570754766465,4.216,0.00066,116
xgboost,TOperacao,12000,3141,23.160057303518094,0.5952868907007969,10.377556228637696,4.789,0.00069,140
xgboost,TOperacao,12000,4096,22.686680772932384,0.6116619611455316,9.865049563646316,11.765,0.00135,539
xgboost,TOperacao,12000,5000,28.800882654514158,0.3741365233512417,12.811119335889817,4.609,0.00065,145
xgboost,TOperacao,12000,6273,24.966519512441025,0.5296902097726429,11.240435427725314,6.831,0.00078,295
xgboost,TOperacao,12000,7777,25.44770397183238,0.5113867711253695,10.471086348295211,4.539,0.00066,128
xgboost,TOperacao,12000,8192,23.87538982159842,0.5699004825772278,10.736479650735856,4.771,0.00067,145
xgboost,TOperacao,12000,9001,21.593703195922497,0.6481785871256325,9.953016611337661,7.47,0.00079,309
xgboost,TOperacao,12000,10240,24.168715099289283,0.5592674385990892,9.953600484728813,6.512,0.00074,236
xgboost,TOperacao,12000,11111,23.468399118152128,0.5844388457586381,10.984326552152634,5.144,0.00068,169
xgboost,TOperacao,12000,12345,22.70790658784445,0.6109349577178573,10.198370794057846,6.372,0.00071,251
xgboost,TOperacao,12000,13579,22.88931290232177,0.6046938917470494,10.225799333900213,13.558,0.00143,690
xgboost,TOperacao,12000,14641,25.07234180151788,0.5256948804481801,10.844945290088653,5.77,0.00074,218
xgboost,TOperacao,12000,15360,25.961070456332937,0.4914739507836131,11.119875293374061,5.152,0.00068,184
xgboost,TOperacao,12000,16384,23.116356332001097,0.5968127651439215,11.227773048877715,4.909,0.00068,150
xgboost,TAtracado,100,42,39.486891506127904,0.03536973319914527,22.20462336540222,1.175,0.00068,320
xgboost,TAtracado,100,137,36.85682858756639,0.1595905693473032,22.421346376538278,0.394,0.00058,73
xgboost,TAtracado,100,256,37.98873259071298,0.10717858092825161,19.240624393969775,0.632,0.00061,147
xgboost,TAtracado,100,512,35.195172184814545,0.2336605552267984,19.718171663880348,0.36,0.00057,76
xgboost,TAtracado,100,1024,38.08294743459283,0.10274456415167621,19.79412984987721,8.37,0.00184,2777
xgboost,TAtracado,100,2048,37.8016929851612,0.11594864800781501,21.290010967850684,0.265,0.00055,45
xgboost,TAtracado,100,3141,39.20562177170079,0.04906313685894548,21.168860865682362,6.492,0.00157,2301
xgboost,TAtracado,100,4096,45.84282715264316,-0.3001629243087458,29.23251940175891,1.072,0.00067,294
xgboost,TAtracado,100,5000,38.37635680895381,0.08886552762899969,20.788071854636073,0.986,0.00064,282
xgboost,TAtracado,100,6273,38.71211325432168,0.07285267242997917,21.038192380070686,0.457,0.00054,78
xgboost,TAtracado,100,7777,34.56679702100951,0.26078074562058673,22.387243455052374,0.223,0.00056,20
xgboost,TAtracado,100,8192,39.68535233919783,0.025648916472433392,26.021117839217187,0.67,0.00064,158
xgboost,TAtracado,100,9001,40.73986614849409,-0.02681968788526956,21.78459885299206,0.36,0.00056,70
xgboost,TAtracado,100,10240,38.34042527618357,0.09057090742377771,20.05320438057184,0.925,0.00066,258
xgboost,TAtracado,100,11111,36.974781099460856,0.15420285548523538,18.039896852970124,0.929,0.00064,256
xgboost,TAtracado,100,12345,39.43561910323214,0.03787318684826524,22.026019456982613,0.262,0.00056,33
xgboost,TAtracado,100,13579,37.72530971232237,0.11951772161208174,22.02143971543759,9.256,0.00194,2999
xgboost,TAtracado,100,14641,38.58548908596101,0.07890799970314433,21.60719963133335,0.291,0.00054,45
xgboost,TAtracado,100,15360,36.82005355058776,0.16126682150041816,22.86155144751072,0.3,0.00055,53
xgboost,TAtracado,100,16384,37.105924902336234,0.14819239318852118,20.982519038692118,0.566,0.00059,134
xgboost,TAtracado,500,42,35.043719350045244,0.24024183036257618,19.836582627892493,1.537,0.00069,130
xgboost,TAtracado,500,137,32.58391910159482,0.34315691954932215,17.993577273488043,1.094,0.00062,72
xgboost,TAtracado,500,256,36.470070507739756,0.17713574443505942,19.251426194310188,0.929,0.0006,54
xgboost,TAtracado,500,512,32.35459338284087,0.35237011089767756,16.889375742077828,1.21,0.00063,92
xgboost,TAtracado,500,1024,35.73802681594272,0.20983801411322678,18.627523618340494,1.32,0.00065,103
xgboost,TAtracado,500,2048,37.697950522616395,0.12079434713714177,18.174485026001932,0.997,0.00061,59
xgboost,TAtracado,500,3141,40.15932191340127,0.0022362214165697614,21.02421997368336,1.187,0.00065,89
xgboost,TAtracado,500,4096,38.42658109080419,0.08647910938648973,20.743275398612024,1.466,0.00067,138
xgboost,TAtracado,500,5000,35.46816007606397,0.2217263778398847,19.819656124711038,0.942,0.00059,58
xgboost,TAtracado,500,6273,35.14380053544309,0.23589605444589046,17.506788299195467,2.449,0.00084,258
xgboost,TAtracado,500,7777,36.53576113034901,0.17416875553093425,18.543814542889596,0.905,0.00059,51
xgboost,TAtracado,500,8192,35.835178498663744,0.20553615893574118,18.351097961068152,1.726,0.00068,177
xgboost,TAtracado,500,9001,35.1290802007135,0.2365360256518777,17.44684608846903,2.481,0.0008,265
xgboost,TAtracado,500,10240,40.25407441809085,-0.0024776105343946586,21.959899387955666,1.192,0.00065,91
xgboost,TAtracado,500,11111,37.48213525511816,0.13083218030532662,19.693308005928994,0.853,0.00062,46
xgboost,TAtracado,500,12345,30.94583177492804,0.40753962081704365,15.930516211688518,2.366,0.00081,237
xgboost,TAtracado,500,13579,32.90677944056311,0.33007566753148654,16.49142281293869,1.543,0.00068,136
xgboost,TAtracado,500,14641,46.17817397185564,-0.31925425220098425,21.46071877896786,2.38,0.00076,222
xgboost,TAtracado,500,15360,36.390333900824956,0.18072996164917743,17.701719251275062,2.881,0.00082,320
xgboost,TAtracado,500,16384,38.89972917690818,0.06384416838007645,19.72630357146263,2.708,0.00088,280
xgboost,TAtracado,1500,42,35.74619449885831,0.20947680054812934,17.213176055550576,4.189,0.00078,290
xgboost,TAtracado,1500,137,29.958233467756045,0.44475150069688696,17.81307943403721,2.064,0.00068,71
xgboost,TAtracado,1500,256,30.774974502381795,0.4140637124401063,15.518354545235633,1.778,0.00067,60
xgboost,TAtracado,1500,512,29.541124383375198,0.4601053374505868,15.23469087779522,2.781,0.00066,102
xgboost,TAtracado,1500,1024,29.950455158018304,0.4450397910019902,15.590738052725792,3.602,0.00073,158
xgboost,TAtracado,1500,2048,30.859189113378264,0.4108525376522907,16.02878199636936,3.286,0.00072,160
xgboost,TAtracado,1500,3141,30.504528234079025,0.4243167185764607,15.819437742829322,2.762,0.00068,164
xgboost,TAtracado,1500,4096,28.354332699984486,0.5026136605398792,14.82667074739933,2.554,0.00065,83
xgboost,TAtracado,1500,5000,30.11901581876695,0.43877559953312184,15.967058073878288,5.38,0.00087,334
xgboost,TAtracado,1500,6273,32.272054001067886,0.35567021644329744,15.305446128249168,5.069,0.0008,290
xgboost,TAtracado,1500,7777,31.161890814774555,0.39923780607298665,16.49184424340725,2.998,0.00072,119
xgboost,TAtracado,1500,8192,34.828266485011994,0.2495552753076553,16.817513833642007,2.797,0.0007,138
xgboost,TAtracado,1500,9001,35.596413497340286,0.21608770230185725,18.471422277092934,5.62,0.00089,399
xgboost,TAtracado,1500,10240,33.81290427845723,0.2926734798220154,17.696534125208856,5.943,0.00095,384
xgboost,TAtracado,1500,11111,32.40437899836778,0.3503754970903472,15.590483191609383,2.93,0.00069,188
xgboost,TAtracado,1500,12345,37.086827790540674,0.14906895827055833,17.444447627663614,2.282,0.00063,87
xgboost,TAtracado,1500,13579,40.95404690207568,-0.03764461878118941,20.078928244709967,1.778,0.0006,49
xgboost,TAtracado,1500,14641,26.915304257322113,0.5518188582699045,14.338621367812157,3.156,0.00075,167
xgboost,TAtracado,1500,15360,35.30409530738378,0.22890983255112984,18.853188653588294,1.93,0.0006,67
xgboost,TAtracado,1500,16384,29.68284315188913,0.4549127973442392,16.45405570089817,2.607,0.00067,96
xgboost,TAtracado,3000,42,32.915158239743235,0.3297344687778526,16.262701607346536,2.01,0.00062,56
xgboost,TAtracado,3000,137,29.9875143880179,0.44366558003622136,14.984764588475228,2.658,0.00064,99
xgboost,TAtracado,3000,256,27.002047701680766,0.5489253801079055,14.966854276061058,8.413,0.00105,540
xgboost,TAtracado,3000,512,28.489926175637972,0.49784517584292254,15.629178342223167,6.98,0.00096,487
xgboost,TAtracado,3000,1024,25.589347184246776,0.5948895885601168,14.917655822634696,2.76,0.00067,106
xgboost,TAtracado,3000,2048,28.047426882152127,0.5133227554044326,15.242813953757286,2.957,0.0007,111
xgboost,TAtracado,3000,3141,28.91712259332126,0.48267300184748696,15.767104389071465,3.262,0.00067,151
xgboost,TAtracado,3000,4096,27.765583994892086,0.5230546528171086,15.0568287140131,2.117,0.00066,60
xgboost,TAtracado,3000,5000,31.78266151504427,0.37506403799788,16.71133241713047,2.73,0.00069,118
xgboost,TAtracado,3000,6273,32.91013244341116,0.32993913805804487,16.944531731009484,3.162,0.00073,137
xgboost,TAtracado,3000,7777,29.818010204161002,0.4499371564486828,14.704547947049141,2.575,0.00067,85
xgboost,TAtracado,3000,8192,30.951548175354233,0.40732071873079156,15.17914135992527,2.492,0.00066,82
xgboost,TAtracado,3000,9001,24.316249742454733,0.6341962258830164,13.42481683075428,2.698,0.00067,88
xgboost,TAtracado,3000,10240,38.238941034619906,0.09537891751141536,18.556507862210275,4.667,0.0008,234
xgboost,TAtracado,3000,11111,27.8188133944645,0.5212241961146404,15.312144868969916,7.828,0.00103,534
xgboost,TAtracado,3000,12345,60.62125731466462,-1.273551890198843,20.92043057233095,20.098,0.00178,1540
xgboost,TAtracado,3000,13579,30.131119738778427,0.4383244307269336,15.154684975743294,2.258,0.00065,72
xgboost,TAtracado,3000,14641,29.61070841034396,0.45755890150742284,14.717287862896919,2.805,0.00067,116
xgboost,TAtracado,3000,15360,34.393725748113326,0.2681645558164042,17.127519057393073,2.175,0.00063,75
xgboost,TAtracado,3000,16384,33.27469335358197,0.3150117603657182,16.226002408862115,3.416,0.00072,167
xgboost,TAtracado,6000,42,30.235549656914223,0.4344243181395342,15.369381006360054,4.722,0.00072,159
xgboost,TAtracado,6000,137,29.044414855620722,0.4781084631498941,15.709242978692055,3.195,0.00062,74
xgboost,TAtracado,6000,256,26.679654976827113,0.5596323481593093,14.691693152785302,4.604,0.00072,141
xgboost,TAtracado,6000,512,27.26087333971657,0.5402364670136892,14.946651223301888,3.307,0.00066,71
xgboost,TAtracado,6000,1024,29.708995156284253,0.4539518784343408,15.133937044739723,8.967,0.00097,467
xgboost,TAtracado,6000,2048,25.33862012457835,0.6027893239005326,14.483181543946266,3.161,0.00063,72
xgboost,TAtracado,6000,3141,26.06854518962296,0.5795749526517019,14.014389192461968,5.916,0.00078,245
xgboost,TAtracado,6000,4096,28.41551266516613,0.5004649301396824,14.576981833577156,3.724,0.00068,89
xgboost,TAtracado,6000,5000,28.49712333899244,0.49759143374653525,14.875218586921692,5.292,0.00073,179
xgboost,TAtracado,6000,6273,29.131292543634725,0.4749816284752023,14.977504088282585,4.299,0.00068,118
xgboost,TAtracado,6000,7777,26.36395105516576,0.5699925450492715,14.216706054806709,3.584,0.00068,104
xgboost,TAtracado,6000,8192,28.297978569249008,0.504588802791309,14.402162889838218,4.253,0.0007,132
xgboost,TAtracado,6000,9001,26.46480809248303,0.5666962080276028,14.132139697670937,3.201,0.00067,73
xgboost,TAtracado,6000,10240,26.561002632496724,0.5635405296721199,14.79734259068966,4.244,0.00077,120
xgboost,TAtracado,6000,11111,30.293958378075693,0.43223706104810256,15.377988700270652,5.388,0.00079,217
xgboost,TAtracado,6000,12345,26.441206758413614,0.5674687046571716,14.060469661355018,3.296,0.00066,73
xgboost,TAtracado,6000,13579,27.599087896450765,0.5287575006420766,15.909595316052437,6.98,0.00093,327
xgboost,TAtracado,6000,14641,29.74913400524738,0.45247538627197337,15.696953796744346,4.539,0.00072,107
xgboost,TAtracado,6000,15360,40.29834685257879,-0.004683922877346092,16.836373353600504,4.26,0.00072,109
xgboost,TAtracado,6000,16384,25.319913655842424,0.6033755962605646,14.363385930657387,2.594,0.0006,47
xgboost,TAtracado,12000,42,25.003797909991636,0.6132173792529831,13.158216875195503,5.861,0.00074,107
xgboost,TAtracado,12000,137,28.25716708283487,0.5060167413776233,14.112466916441917,7.868,0.00079,198
xgboost,TAtracado,12000,256,24.628782044418326,0.624732579216059,13.354896503090858,6.101,0.00077,120
xgboost,TAtracado,12000,512,26.082766091934374,0.5791161273304717,13.79649818122387,5.867,0.00075,114
xgboost,TAtracado,12000,1024,41.18135872433904,-0.04919529529659572,17.586683400273323,5.653,0.00069,102
xgboost,TAtracado,12000,2048,27.199004278903022,0.5423209827401188,13.970042605996133,6.444,0.0007,135
xgboost,TAtracado,12000,3141,26.4545212278497,0.5670329927233051,13.328786372542382,6.94,0.00085,159
xgboost,TAtracado,12000,4096,24.656722292260543,0.6238806481589263,13.055515701174736,6.93,0.00072,139
xgboost,TAtracado,12000,5000,28.708688737787377,0.4901038828490051,15.15911769092083,7.2,0.001,161
xgboost,TAtracado,12000,6273,29.454387193091055,0.4632711071114082,14.437881344556809,6.959,0.00092,155
xgboost,TAtracado,12000,7777,25.145814025496268,0.6088112199210772,12.530895267128944,5.401,0.00073,87
xgboost,TAtracado,12000,8192,25.721795237656206,0.5906851089031205,13.683559800982476,7.068,0.00077,165
xgboost,TAtracado,12000,9001,24.89671897472462,0.6165230841403792,13.446901385188102,12.429,0.001,429
xgboost,TAtracado,12000,10240,29.604811887354405,0.4577749178144582,13.992598957419396,9.352,0.00108,251
xgboost,TAtracado,12000,11111,30.3577651401719,0.4298428366903929,14.881656995415687,6.115,0.00071,122
xgboost,TAtracado,12000,12345,26.032100814106794,0.5807496570981114,14.342003368735313,11.287,0.00095,430
xgboost,TAtracado,12000,13579,26.28717072455603,0.5724935387507398,13.71295646250248,14.354,0.00113,573
xgboost,TAtracado,12000,14641,39.630038973899175,0.028363120838450384,15.99176737844944,5.181,0.00076,89
xgboost,TAtracado,12000,15360,28.37141955727941,0.5020140110787288,14.787820927500725,8.751,0.00081,275
xgboost,TAtracado,12000,16384,25.623161321514306,0.5938182435481305,13.677257304787636,5.463,0.00067,100
